ts,elapsed,label,pid,cpu_raw,cpu_norm,rss_mb,threads,sys_cpu,sys_mem_used_mb,soc_temp_c
1783525525.1450481,0.0,EKF,5295,0.0,0.0,25.547,12,67.8,3453.492,56.97
1783525525.1450481,0.0,robot_state_publisher,6130,0.0,0.0,23.094,11,67.8,3453.492,56.97
1783525525.1450481,0.0,RPLIDAR driver,6132,0.0,0.0,21.539,13,67.8,3453.492,56.97
1783525525.1450481,0.0,Madgwick,6136,0.0,0.0,23.852,11,67.8,3453.492,56.97
1783525525.1450481,0.0,RF2O,6182,0.0,0.0,23.246,1,67.8,3453.492,56.97
1783525525.1450481,0.0,RF2O,6183,0.0,0.0,25.051,12,67.8,3453.492,56.97
1783525526.1458967,1.001,EKF,5295,2.0,0.5,25.547,12,55.6,3452.945,56.48
1783525526.1458967,1.001,robot_state_publisher,6130,0.0,0.0,23.094,11,55.6,3452.945,56.48
1783525526.1458967,1.001,RPLIDAR driver,6132,61.6,15.4,21.539,13,55.6,3452.945,56.48
1783525526.1458967,1.001,Madgwick,6136,0.0,0.0,23.852,11,55.6,3452.945,56.48
1783525526.1458967,1.001,RF2O,6182,0.0,0.0,23.246,1,55.6,3452.945,56.48
1783525526.1458967,1.001,RF2O,6183,1.0,0.25,25.051,12,55.6,3452.945,56.48
1783525527.145901,2.001,EKF,5295,1.0,0.25,25.547,12,44.5,3453.266,55.99
1783525527.145901,2.001,robot_state_publisher,6130,0.0,0.0,23.094,11,44.5,3453.266,55.99
1783525527.145901,2.001,RPLIDAR driver,6132,69.3,17.325,21.539,13,44.5,3453.266,55.99
1783525527.145901,2.001,Madgwick,6136,0.0,0.0,23.852,11,44.5,3453.266,55.99
1783525527.145901,2.001,RF2O,6182,0.0,0.0,23.246,1,44.5,3453.266,55.99
1783525527.145901,2.001,RF2O,6183,1.0,0.25,25.051,12,44.5,3453.266,55.99
1783525528.1459115,3.001,EKF,5295,1.0,0.25,25.547,12,47.4,3449.867,54.53
1783525528.1459115,3.001,robot_state_publisher,6130,0.0,0.0,23.094,11,47.4,3449.867,54.53
1783525528.1459115,3.001,RPLIDAR driver,6132,67.0,16.75,21.539,13,47.4,3449.867,54.53
1783525528.1459115,3.001,Madgwick,6136,0.0,0.0,23.852,11,47.4,3449.867,54.53
1783525528.1459115,3.001,RF2O,6182,0.0,0.0,23.246,1,47.4,3449.867,54.53
1783525528.1459115,3.001,RF2O,6183,1.0,0.25,25.051,12,47.4,3449.867,54.53
1783525529.145911,4.001,EKF,5295,1.0,0.25,25.547,12,44.8,3453.551,54.04
1783525529.145911,4.001,robot_state_publisher,6130,0.0,0.0,23.094,11,44.8,3453.551,54.04
1783525529.145911,4.001,RPLIDAR driver,6132,70.1,17.525,21.539,13,44.8,3453.551,54.04
1783525529.145911,4.001,Madgwick,6136,1.0,0.25,23.852,11,44.8,3453.551,54.04
1783525529.145911,4.001,RF2O,6182,0.0,0.0,23.246,1,44.8,3453.551,54.04
1783525529.145911,4.001,RF2O,6183,1.9,0.475,25.051,12,44.8,3453.551,54.04
1783525530.1458614,5.001,EKF,5295,1.8,0.45,25.547,12,44.1,3453.641,54.04
1783525530.1458614,5.001,robot_state_publisher,6130,0.0,0.0,23.094,11,44.1,3453.641,54.04
1783525530.1458614,5.001,RPLIDAR driver,6132,65.6,16.4,21.539,13,44.1,3453.641,54.04
1783525530.1458614,5.001,Madgwick,6136,0.0,0.0,23.852,11,44.1,3453.641,54.04
1783525530.1458614,5.001,RF2O,6182,0.0,0.0,23.246,1,44.1,3453.641,54.04
1783525530.1458614,5.001,RF2O,6183,0.9,0.225,25.051,12,44.1,3453.641,54.04
1783525531.1457841,6.001,EKF,5295,0.0,0.0,25.547,12,50.0,3455.102,55.02
1783525531.1457841,6.001,robot_state_publisher,6130,0.0,0.0,23.094,11,50.0,3455.102,55.02
1783525531.1457841,6.001,RPLIDAR driver,6132,68.6,17.15,21.539,13,50.0,3455.102,55.02
1783525531.1457841,6.001,Madgwick,6136,0.0,0.0,23.852,11,50.0,3455.102,55.02
1783525531.1457841,6.001,RF2O,6182,0.0,0.0,23.246,1,50.0,3455.102,55.02
1783525531.1457841,6.001,RF2O,6183,0.0,0.0,25.051,12,50.0,3455.102,55.02
1783525532.1458385,7.001,EKF,5295,1.1,0.275,25.547,12,45.4,3454.785,55.02
1783525532.1458385,7.001,robot_state_publisher,6130,1.1,0.275,23.094,11,45.4,3454.785,55.02
1783525532.1458385,7.001,RPLIDAR driver,6132,69.3,17.325,21.539,13,45.4,3454.785,55.02
1783525532.1458385,7.001,Madgwick,6136,1.1,0.275,23.852,11,45.4,3454.785,55.02
1783525532.1458385,7.001,RF2O,6182,0.0,0.0,23.246,1,45.4,3454.785,55.02
1783525532.1458385,7.001,RF2O,6183,3.2,0.8,25.051,12,45.4,3454.785,55.02
1783525533.145927,8.001,EKF,5295,1.0,0.25,25.547,12,44.1,3454.996,54.04
1783525533.145927,8.001,robot_state_publisher,6130,0.0,0.0,23.094,11,44.1,3454.996,54.04
1783525533.145927,8.001,RPLIDAR driver,6132,70.1,17.525,21.539,13,44.1,3454.996,54.04
1783525533.145927,8.001,Madgwick,6136,0.0,0.0,23.852,11,44.1,3454.996,54.04
1783525533.145927,8.001,RF2O,6182,0.0,0.0,23.246,1,44.1,3454.996,54.04
1783525533.145927,8.001,RF2O,6183,1.0,0.25,25.051,12,44.1,3454.996,54.04
1783525534.1458783,9.001,EKF,5295,3.0,0.75,25.547,12,43.8,3455.008,54.53
1783525534.1458783,9.001,robot_state_publisher,6130,0.0,0.0,23.094,11,43.8,3455.008,54.53
1783525534.1458783,9.001,RPLIDAR driver,6132,66.6,16.65,21.539,13,43.8,3455.008,54.53
1783525534.1458783,9.001,Madgwick,6136,0.0,0.0,23.852,11,43.8,3455.008,54.53
1783525534.1458783,9.001,RF2O,6182,0.0,0.0,23.246,1,43.8,3455.008,54.53
1783525534.1458783,9.001,RF2O,6183,1.0,0.25,25.051,12,43.8,3455.008,54.53
1783525535.1458464,10.001,EKF,5295,0.0,0.0,25.547,12,43.0,3455.461,55.02
1783525535.1458464,10.001,robot_state_publisher,6130,0.0,0.0,23.094,11,43.0,3455.461,55.02
1783525535.1458464,10.001,RPLIDAR driver,6132,68.8,17.2,21.539,13,43.0,3455.461,55.02
1783525535.1458464,10.001,Madgwick,6136,0.0,0.0,23.852,11,43.0,3455.461,55.02
1783525535.1458464,10.001,RF2O,6182,0.0,0.0,23.246,1,43.0,3455.461,55.02
1783525535.1458464,10.001,RF2O,6183,1.0,0.25,25.051,12,43.0,3455.461,55.02
1783525536.1458828,11.001,EKF,5295,1.0,0.25,25.547,12,68.2,3444.402,55.02
1783525536.1458828,11.001,robot_state_publisher,6130,0.0,0.0,23.094,11,68.2,3444.402,55.02
1783525536.1458828,11.001,RPLIDAR driver,6132,55.4,13.85,21.539,13,68.2,3444.402,55.02
1783525536.1458828,11.001,Madgwick,6136,0.0,0.0,23.852,11,68.2,3444.402,55.02
1783525536.1458828,11.001,RF2O,6182,0.0,0.0,23.246,1,68.2,3444.402,55.02
1783525536.1458828,11.001,RF2O,6183,1.0,0.25,25.051,12,68.2,3444.402,55.02
1783525537.1457992,12.001,EKF,5295,1.1,0.275,25.547,12,49.7,3444.711,54.53
1783525537.1457992,12.001,robot_state_publisher,6130,0.0,0.0,23.094,11,49.7,3444.711,54.53
1783525537.1457992,12.001,RPLIDAR driver,6132,68.0,17.0,21.539,13,49.7,3444.711,54.53
1783525537.1457992,12.001,Madgwick,6136,0.0,0.0,23.852,11,49.7,3444.711,54.53
1783525537.1457992,12.001,RF2O,6182,0.0,0.0,23.246,1,49.7,3444.711,54.53
1783525537.1457992,12.001,RF2O,6183,1.1,0.275,25.051,12,49.7,3444.711,54.53
1783525538.1459198,13.001,EKF,5295,1.9,0.475,25.547,12,43.3,3444.93,53.56
1783525538.1459198,13.001,robot_state_publisher,6130,0.0,0.0,23.094,11,43.3,3444.93,53.56
1783525538.1459198,13.001,RPLIDAR driver,6132,68.8,17.2,21.539,13,43.3,3444.93,53.56
1783525538.1459198,13.001,Madgwick,6136,0.0,0.0,23.852,11,43.3,3444.93,53.56
1783525538.1459198,13.001,RF2O,6182,0.0,0.0,23.246,1,43.3,3444.93,53.56
1783525538.1459198,13.001,RF2O,6183,1.9,0.475,25.051,12,43.3,3444.93,53.56
1783525539.1458623,14.001,EKF,5295,1.1,0.275,25.547,12,41.9,3445.363,55.02
1783525539.1458623,14.001,robot_state_publisher,6130,0.0,0.0,23.094,11,41.9,3445.363,55.02
1783525539.1458623,14.001,RPLIDAR driver,6132,66.4,16.6,21.539,13,41.9,3445.363,55.02
1783525539.1458623,14.001,Madgwick,6136,0.0,0.0,23.852,11,41.9,3445.363,55.02
1783525539.1458623,14.001,RF2O,6182,0.0,0.0,23.246,1,41.9,3445.363,55.02
1783525539.1458623,14.001,RF2O,6183,0.0,0.0,25.051,12,41.9,3445.363,55.02
1783525540.1459439,15.001,EKF,5295,1.8,0.45,25.547,12,45.9,3445.422,54.04
1783525540.1459439,15.001,robot_state_publisher,6130,0.9,0.225,23.094,11,45.9,3445.422,54.04
1783525540.1459439,15.001,RPLIDAR driver,6132,67.0,16.75,21.539,13,45.9,3445.422,54.04
1783525540.1459439,15.001,Madgwick,6136,0.0,0.0,23.852,11,45.9,3445.422,54.04
1783525540.1459439,15.001,RF2O,6182,0.0,0.0,23.246,1,45.9,3445.422,54.04
1783525540.1459439,15.001,RF2O,6183,1.8,0.45,25.051,12,45.9,3445.422,54.04
1783525541.1457744,16.001,EKF,5295,1.2,0.3,25.547,12,54.4,3444.777,54.53
1783525541.1457744,16.001,robot_state_publisher,6130,0.0,0.0,23.094,11,54.4,3444.777,54.53
1783525541.1457744,16.001,RPLIDAR driver,6132,67.0,16.75,21.539,13,54.4,3444.777,54.53
1783525541.1457744,16.001,Madgwick,6136,0.0,0.0,23.852,11,54.4,3444.777,54.53
1783525541.1457744,16.001,RF2O,6182,0.0,0.0,23.246,1,54.4,3444.777,54.53
1783525541.1457744,16.001,RF2O,6183,1.2,0.3,25.051,12,54.4,3444.777,54.53
1783525542.1458998,17.001,EKF,5295,0.9,0.225,25.547,12,58.4,3446.695,54.53
1783525542.1458998,17.001,robot_state_publisher,6130,0.0,0.0,23.094,11,58.4,3446.695,54.53
1783525542.1458998,17.001,RPLIDAR driver,6132,61.1,15.275,21.539,13,58.4,3446.695,54.53
1783525542.1458998,17.001,Madgwick,6136,0.9,0.225,23.852,11,58.4,3446.695,54.53
1783525542.1458998,17.001,RF2O,6182,0.0,0.0,23.246,1,58.4,3446.695,54.53
1783525542.1458998,17.001,RF2O,6183,0.9,0.225,25.051,12,58.4,3446.695,54.53
1783525543.145845,18.001,EKF,5295,1.0,0.25,25.547,12,64.6,3447.906,55.5
1783525543.145845,18.001,robot_state_publisher,6130,1.0,0.25,23.094,11,64.6,3447.906,55.5
1783525543.145845,18.001,RPLIDAR driver,6132,53.0,13.25,21.539,13,64.6,3447.906,55.5
1783525543.145845,18.001,Madgwick,6136,0.0,0.0,23.852,11,64.6,3447.906,55.5
1783525543.145845,18.001,RF2O,6182,0.0,0.0,23.246,1,64.6,3447.906,55.5
1783525543.145845,18.001,RF2O,6183,1.0,0.25,25.051,12,64.6,3447.906,55.5
1783525544.1458097,19.001,EKF,5295,1.1,0.275,25.547,12,52.5,3455.648,53.56
1783525544.1458097,19.001,robot_state_publisher,6130,0.0,0.0,23.094,11,52.5,3455.648,53.56
1783525544.1458097,19.001,RPLIDAR driver,6132,68.9,17.225,21.539,13,52.5,3455.648,53.56
1783525544.1458097,19.001,Madgwick,6136,1.1,0.275,23.852,11,52.5,3455.648,53.56
1783525544.1458097,19.001,RF2O,6182,0.0,0.0,23.246,1,52.5,3455.648,53.56
1783525544.1458097,19.001,RF2O,6183,2.2,0.55,25.051,12,52.5,3455.648,53.56
1783525545.1459112,20.001,EKF,5295,2.0,0.5,25.547,12,43.9,3455.879,53.56
1783525545.1459112,20.001,robot_state_publisher,6130,0.0,0.0,23.094,11,43.9,3455.879,53.56
1783525545.1459112,20.001,RPLIDAR driver,6132,70.5,17.625,21.539,13,43.9,3455.879,53.56
1783525545.1459112,20.001,Madgwick,6136,0.0,0.0,23.852,11,43.9,3455.879,53.56
1783525545.1459112,20.001,RF2O,6182,0.0,0.0,23.246,1,43.9,3455.879,53.56
1783525545.1459112,20.001,RF2O,6183,1.0,0.25,25.051,12,43.9,3455.879,53.56
1783525546.1459017,21.001,EKF,5295,1.0,0.25,25.547,12,45.9,3455.484,54.53
1783525546.1459017,21.001,robot_state_publisher,6130,0.0,0.0,23.094,11,45.9,3455.484,54.53
1783525546.1459017,21.001,RPLIDAR driver,6132,68.8,17.2,21.539,13,45.9,3455.484,54.53
1783525546.1459017,21.001,Madgwick,6136,0.0,0.0,23.852,11,45.9,3455.484,54.53
1783525546.1459017,21.001,RF2O,6182,0.0,0.0,23.246,1,45.9,3455.484,54.53
1783525546.1459017,21.001,RF2O,6183,1.0,0.25,25.051,12,45.9,3455.484,54.53
1783525547.1459475,22.001,EKF,5295,1.0,0.25,25.547,12,43.0,3455.453,54.53
1783525547.1459475,22.001,robot_state_publisher,6130,0.0,0.0,23.094,11,43.0,3455.453,54.53
1783525547.1459475,22.001,RPLIDAR driver,6132,68.6,17.15,21.539,13,43.0,3455.453,54.53
1783525547.1459475,22.001,Madgwick,6136,0.0,0.0,23.852,11,43.0,3455.453,54.53
1783525547.1459475,22.001,RF2O,6182,0.0,0.0,23.246,1,43.0,3455.453,54.53
1783525547.1459475,22.001,RF2O,6183,2.0,0.5,25.051,12,43.0,3455.453,54.53
1783525548.1459305,23.001,EKF,5295,1.0,0.25,25.547,12,45.2,3455.438,53.56
1783525548.1459305,23.001,robot_state_publisher,6130,0.0,0.0,23.094,11,45.2,3455.438,53.56
1783525548.1459305,23.001,RPLIDAR driver,6132,68.1,17.025,21.539,13,45.2,3455.438,53.56
1783525548.1459305,23.001,Madgwick,6136,0.0,0.0,23.852,11,45.2,3455.438,53.56
1783525548.1459305,23.001,RF2O,6182,0.0,0.0,23.246,1,45.2,3455.438,53.56
1783525548.1459305,23.001,RF2O,6183,1.0,0.25,25.051,12,45.2,3455.438,53.56
1783525549.1457691,24.001,EKF,5295,1.0,0.25,25.547,12,43.4,3455.305,53.56
1783525549.1457691,24.001,robot_state_publisher,6130,0.0,0.0,23.094,11,43.4,3455.305,53.56
1783525549.1457691,24.001,RPLIDAR driver,6132,72.3,18.075,21.539,13,43.4,3455.305,53.56
1783525549.1457691,24.001,Madgwick,6136,0.0,0.0,23.852,11,43.4,3455.305,53.56
1783525549.1457691,24.001,RF2O,6182,0.0,0.0,23.246,1,43.4,3455.305,53.56
1783525549.1457691,24.001,RF2O,6183,1.0,0.25,25.051,12,43.4,3455.305,53.56
1783525550.1459024,25.001,EKF,5295,2.0,0.5,25.547,12,44.9,3455.988,53.56
1783525550.1459024,25.001,robot_state_publisher,6130,0.0,0.0,23.094,11,44.9,3455.988,53.56
1783525550.1459024,25.001,RPLIDAR driver,6132,69.8,17.45,21.539,13,44.9,3455.988,53.56
1783525550.1459024,25.001,Madgwick,6136,0.0,0.0,23.852,11,44.9,3455.988,53.56
1783525550.1459024,25.001,RF2O,6182,0.0,0.0,23.246,1,44.9,3455.988,53.56
1783525550.1459024,25.001,RF2O,6183,1.0,0.25,25.051,12,44.9,3455.988,53.56
1783525551.14591,26.001,EKF,5295,1.0,0.25,25.547,12,44.8,3455.738,53.56
1783525551.14591,26.001,robot_state_publisher,6130,0.0,0.0,23.094,11,44.8,3455.738,53.56
1783525551.14591,26.001,RPLIDAR driver,6132,70.3,17.575,21.539,13,44.8,3455.738,53.56
1783525551.14591,26.001,Madgwick,6136,0.0,0.0,23.852,11,44.8,3455.738,53.56
1783525551.14591,26.001,RF2O,6182,0.0,0.0,23.246,1,44.8,3455.738,53.56
1783525551.14591,26.001,RF2O,6183,1.0,0.25,25.051,12,44.8,3455.738,53.56
1783525552.1459086,27.001,EKF,5295,1.0,0.25,25.547,12,43.6,3455.227,53.56
1783525552.1459086,27.001,robot_state_publisher,6130,1.0,0.25,23.094,11,43.6,3455.227,53.56
1783525552.1459086,27.001,RPLIDAR driver,6132,69.5,17.375,21.539,13,43.6,3455.227,53.56
1783525552.1459086,27.001,Madgwick,6136,1.0,0.25,23.852,11,43.6,3455.227,53.56
1783525552.1459086,27.001,RF2O,6182,0.0,0.0,23.246,1,43.6,3455.227,53.56
1783525552.1459086,27.001,RF2O,6183,3.0,0.75,25.051,12,43.6,3455.227,53.56
1783525553.1459007,28.001,EKF,5295,1.0,0.25,25.547,12,46.6,3455.711,54.04
1783525553.1459007,28.001,robot_state_publisher,6130,0.0,0.0,23.094,11,46.6,3455.711,54.04
1783525553.1459007,28.001,RPLIDAR driver,6132,69.4,17.35,21.539,13,46.6,3455.711,54.04
1783525553.1459007,28.001,Madgwick,6136,0.0,0.0,23.852,11,46.6,3455.711,54.04
1783525553.1459007,28.001,RF2O,6182,0.0,0.0,23.246,1,46.6,3455.711,54.04
1783525553.1459007,28.001,RF2O,6183,0.0,0.0,25.051,12,46.6,3455.711,54.04
1783525554.1457744,29.001,EKF,5295,1.1,0.275,25.547,12,54.1,3455.953,55.02
1783525554.1457744,29.001,robot_state_publisher,6130,0.0,0.0,23.094,11,54.1,3455.953,55.02
1783525554.1457744,29.001,RPLIDAR driver,6132,63.8,15.95,21.539,13,54.1,3455.953,55.02
1783525554.1457744,29.001,Madgwick,6136,0.0,0.0,23.852,11,54.1,3455.953,55.02
1783525554.1457744,29.001,RF2O,6182,0.0,0.0,23.246,1,54.1,3455.953,55.02
1783525554.1457744,29.001,RF2O,6183,1.1,0.275,25.051,12,54.1,3455.953,55.02
1783525555.1459146,30.001,EKF,5295,2.0,0.5,25.547,12,41.3,3455.691,53.07
1783525555.1459146,30.001,robot_state_publisher,6130,0.0,0.0,23.094,11,41.3,3455.691,53.07
1783525555.1459146,30.001,RPLIDAR driver,6132,68.8,17.2,21.539,13,41.3,3455.691,53.07
1783525555.1459146,30.001,Madgwick,6136,0.0,0.0,23.852,11,41.3,3455.691,53.07
1783525555.1459146,30.001,RF2O,6182,0.0,0.0,23.246,1,41.3,3455.691,53.07
1783525555.1459146,30.001,RF2O,6183,2.0,0.5,25.051,12,41.3,3455.691,53.07
1783525556.1459126,31.001,EKF,5295,2.0,0.5,25.547,12,43.3,3455.922,53.56
1783525556.1459126,31.001,robot_state_publisher,6130,0.0,0.0,23.094,11,43.3,3455.922,53.56
1783525556.1459126,31.001,RPLIDAR driver,6132,68.3,17.075,21.539,13,43.3,3455.922,53.56
1783525556.1459126,31.001,Madgwick,6136,0.0,0.0,23.852,11,43.3,3455.922,53.56
1783525556.1459126,31.001,RF2O,6182,0.0,0.0,23.246,1,43.3,3455.922,53.56
1783525556.1459126,31.001,RF2O,6183,1.0,0.25,25.051,12,43.3,3455.922,53.56
1783525557.1458917,32.001,EKF,5295,1.0,0.25,25.547,12,44.9,3455.922,53.56
1783525557.1458917,32.001,robot_state_publisher,6130,0.0,0.0,23.094,11,44.9,3455.922,53.56
1783525557.1458917,32.001,RPLIDAR driver,6132,69.4,17.35,21.539,13,44.9,3455.922,53.56
1783525557.1458917,32.001,Madgwick,6136,0.0,0.0,23.852,11,44.9,3455.922,53.56
1783525557.1458917,32.001,RF2O,6182,0.0,0.0,23.246,1,44.9,3455.922,53.56
1783525557.1458917,32.001,RF2O,6183,1.0,0.25,25.051,12,44.9,3455.922,53.56
1783525558.1459234,33.001,EKF,5295,1.0,0.25,25.547,12,47.5,3455.996,53.07
1783525558.1459234,33.001,robot_state_publisher,6130,0.0,0.0,23.094,11,47.5,3455.996,53.07
1783525558.1459234,33.001,RPLIDAR driver,6132,68.2,17.05,21.539,13,47.5,3455.996,53.07
1783525558.1459234,33.001,Madgwick,6136,0.0,0.0,23.852,11,47.5,3455.996,53.07
1783525558.1459234,33.001,RF2O,6182,0.0,0.0,23.246,1,47.5,3455.996,53.07
1783525558.1459234,33.001,RF2O,6183,1.0,0.25,25.051,12,47.5,3455.996,53.07
1783525559.145955,34.001,EKF,5295,0.8,0.2,25.547,12,58.4,3461.758,53.56
1783525559.145955,34.001,robot_state_publisher,6130,0.8,0.2,23.094,11,58.4,3461.758,53.56
1783525559.145955,34.001,RPLIDAR driver,6132,57.5,14.375,21.539,13,58.4,3461.758,53.56
1783525559.145955,34.001,Madgwick,6136,0.0,0.0,23.852,11,58.4,3461.758,53.56
1783525559.145955,34.001,RF2O,6182,0.0,0.0,23.246,1,58.4,3461.758,53.56
1783525559.145955,34.001,RF2O,6183,1.5,0.375,25.051,12,58.4,3461.758,53.56
1783525559.145955,34.001,SLAM Toolbox,6342,0.0,0.0,23.246,1,58.4,3461.758,53.56
1783525560.1455908,35.001,EKF,5295,15.3,3.825,25.598,12,80.7,3461.73,54.53
1783525560.1455908,35.001,robot_state_publisher,6130,6.1,1.525,23.145,11,80.7,3461.73,54.53
1783525560.1455908,35.001,RPLIDAR driver,6132,59.1,14.775,21.605,13,80.7,3461.73,54.53
1783525560.1455908,35.001,Madgwick,6136,10.2,2.55,23.902,11,80.7,3461.73,54.53
1783525560.1455908,35.001,RF2O,6182,0.0,0.0,23.246,1,80.7,3461.73,54.53
1783525560.1455908,35.001,RF2O,6183,9.2,2.3,25.172,12,80.7,3461.73,54.53
1783525560.1455908,35.001,SLAM Toolbox,6342,0.0,0.0,23.246,1,80.7,3461.73,54.53
1783525560.1455908,35.001,SLAM Toolbox,6343,0.0,0.0,32.148,14,80.7,3461.73,54.53
1783525561.1457644,36.001,EKF,5295,2.6,0.65,25.598,12,65.2,3463.09,54.53
1783525561.1457644,36.001,robot_state_publisher,6130,1.3,0.325,23.145,11,65.2,3463.09,54.53
1783525561.1457644,36.001,RPLIDAR driver,6132,66.6,16.65,21.605,13,65.2,3463.09,54.53
1783525561.1457644,36.001,Madgwick,6136,1.3,0.325,23.902,11,65.2,3463.09,54.53
1783525561.1457644,36.001,RF2O,6182,0.0,0.0,23.246,1,65.2,3463.09,54.53
1783525561.1457644,36.001,RF2O,6183,5.1,1.275,25.172,12,65.2,3463.09,54.53
1783525561.1457644,36.001,SLAM Toolbox,6342,0.0,0.0,23.246,1,65.2,3463.09,54.53
1783525561.1457644,36.001,SLAM Toolbox,6343,3.8,0.95,31.836,14,65.2,3463.09,54.53
1783525562.1451645,37.0,EKF,5295,3.8,0.95,25.598,12,47.4,3463.527,54.04
1783525562.1451645,37.0,robot_state_publisher,6130,5.7,1.425,23.145,11,47.4,3463.527,54.04
1783525562.1451645,37.0,RPLIDAR driver,6132,71.3,17.825,21.605,13,47.4,3463.527,54.04
1783525562.1451645,37.0,Madgwick,6136,4.8,1.2,23.902,11,47.4,3463.527,54.04
1783525562.1451645,37.0,RF2O,6182,0.0,0.0,23.246,1,47.4,3463.527,54.04
1783525562.1451645,37.0,RF2O,6183,3.8,0.95,25.172,12,47.4,3463.527,54.04
1783525562.1451645,37.0,SLAM Toolbox,6342,0.0,0.0,23.246,1,47.4,3463.527,54.04
1783525562.1451645,37.0,SLAM Toolbox,6343,9.5,2.375,31.992,14,47.4,3463.527,54.04
1783525563.1458228,38.001,EKF,5295,2.9,0.725,25.598,12,60.5,3465.02,54.04
1783525563.1458228,38.001,robot_state_publisher,6130,1.9,0.475,23.145,11,60.5,3465.02,54.04
1783525563.1458228,38.001,RPLIDAR driver,6132,64.4,16.1,21.605,13,60.5,3465.02,54.04
1783525563.1458228,38.001,Madgwick,6136,3.9,0.975,23.902,11,60.5,3465.02,54.04
1783525563.1458228,38.001,RF2O,6182,0.0,0.0,23.246,1,60.5,3465.02,54.04
1783525563.1458228,38.001,RF2O,6183,2.9,0.725,25.172,12,60.5,3465.02,54.04
1783525563.1458228,38.001,SLAM Toolbox,6342,0.0,0.0,23.246,1,60.5,3465.02,54.04
1783525563.1458228,38.001,SLAM Toolbox,6343,7.8,1.95,32.211,14,60.5,3465.02,54.04
1783525564.1458025,39.001,EKF,5295,2.2,0.55,25.598,12,49.2,3465.027,55.99
1783525564.1458025,39.001,robot_state_publisher,6130,0.0,0.0,23.145,11,49.2,3465.027,55.99
1783525564.1458025,39.001,RPLIDAR driver,6132,68.7,17.175,21.605,13,49.2,3465.027,55.99
1783525564.1458025,39.001,Madgwick,6136,0.0,0.0,23.902,11,49.2,3465.027,55.99
1783525564.1458025,39.001,RF2O,6182,0.0,0.0,23.246,1,49.2,3465.027,55.99
1783525564.1458025,39.001,RF2O,6183,2.2,0.55,25.172,12,49.2,3465.027,55.99
1783525564.1458025,39.001,SLAM Toolbox,6342,0.0,0.0,23.246,1,49.2,3465.027,55.99
1783525564.1458025,39.001,SLAM Toolbox,6343,1.1,0.275,32.211,14,49.2,3465.027,55.99
1783525565.1458468,40.001,EKF,5295,1.1,0.275,25.598,12,47.8,3465.238,55.5
1783525565.1458468,40.001,robot_state_publisher,6130,0.0,0.0,23.145,11,47.8,3465.238,55.5
1783525565.1458468,40.001,RPLIDAR driver,6132,67.6,16.9,21.605,13,47.8,3465.238,55.5
1783525565.1458468,40.001,Madgwick,6136,0.0,0.0,23.902,11,47.8,3465.238,55.5
1783525565.1458468,40.001,RF2O,6182,0.0,0.0,23.246,1,47.8,3465.238,55.5
1783525565.1458468,40.001,RF2O,6183,1.1,0.275,25.172,12,47.8,3465.238,55.5
1783525565.1458468,40.001,SLAM Toolbox,6342,0.0,0.0,23.246,1,47.8,3465.238,55.5
1783525565.1458468,40.001,SLAM Toolbox,6343,2.1,0.525,32.211,14,47.8,3465.238,55.5
1783525566.1459348,41.001,EKF,5295,1.9,0.475,25.535,12,42.9,3465.672,53.07
1783525566.1459348,41.001,robot_state_publisher,6130,0.0,0.0,23.082,11,42.9,3465.672,53.07
1783525566.1459348,41.001,RPLIDAR driver,6132,69.6,17.4,21.543,13,42.9,3465.672,53.07
1783525566.1459348,41.001,Madgwick,6136,0.0,0.0,23.84,11,42.9,3465.672,53.07
1783525566.1459348,41.001,RF2O,6182,0.0,0.0,23.246,1,42.9,3465.672,53.07
1783525566.1459348,41.001,RF2O,6183,1.0,0.25,25.117,12,42.9,3465.672,53.07
1783525566.1459348,41.001,SLAM Toolbox,6342,0.0,0.0,23.246,1,42.9,3465.672,53.07
1783525566.1459348,41.001,SLAM Toolbox,6343,1.0,0.25,32.211,14,42.9,3465.672,53.07
1783525567.1458614,42.001,EKF,5295,1.0,0.25,25.535,12,42.1,3465.766,54.04
1783525567.1458614,42.001,robot_state_publisher,6130,0.0,0.0,23.082,11,42.1,3465.766,54.04
1783525567.1458614,42.001,RPLIDAR driver,6132,68.5,17.125,21.543,13,42.1,3465.766,54.04
1783525567.1458614,42.001,Madgwick,6136,1.0,0.25,23.84,11,42.1,3465.766,54.04
1783525567.1458614,42.001,RF2O,6182,0.0,0.0,23.246,1,42.1,3465.766,54.04
1783525567.1458614,42.001,RF2O,6183,1.0,0.25,25.117,12,42.1,3465.766,54.04
1783525567.1458614,42.001,SLAM Toolbox,6342,0.0,0.0,23.246,1,42.1,3465.766,54.04
1783525567.1458614,42.001,SLAM Toolbox,6343,2.0,0.5,32.211,14,42.1,3465.766,54.04
1783525568.1458447,43.001,EKF,5295,1.1,0.275,25.535,12,45.4,3465.762,53.56
1783525568.1458447,43.001,robot_state_publisher,6130,0.0,0.0,23.082,11,45.4,3465.762,53.56
1783525568.1458447,43.001,RPLIDAR driver,6132,70.4,17.6,21.543,13,45.4,3465.762,53.56
1783525568.1458447,43.001,Madgwick,6136,1.1,0.275,23.84,11,45.4,3465.762,53.56
1783525568.1458447,43.001,RF2O,6182,0.0,0.0,23.246,1,45.4,3465.762,53.56
1783525568.1458447,43.001,RF2O,6183,1.1,0.275,25.117,12,45.4,3465.762,53.56
1783525568.1458447,43.001,SLAM Toolbox,6342,0.0,0.0,23.246,1,45.4,3465.762,53.56
1783525568.1458447,43.001,SLAM Toolbox,6343,3.2,0.8,32.211,14,45.4,3465.762,53.56
1783525569.1457467,44.001,EKF,5295,0.9,0.225,25.535,12,42.9,3465.98,53.07
1783525569.1457467,44.001,robot_state_publisher,6130,0.9,0.225,23.082,11,42.9,3465.98,53.07
1783525569.1457467,44.001,RPLIDAR driver,6132,70.2,17.55,21.543,13,42.9,3465.98,53.07
1783525569.1457467,44.001,Madgwick,6136,0.0,0.0,23.84,11,42.9,3465.98,53.07
1783525569.1457467,44.001,RF2O,6182,0.0,0.0,23.246,1,42.9,3465.98,53.07
1783525569.1457467,44.001,RF2O,6183,1.9,0.475,25.117,12,42.9,3465.98,53.07
1783525569.1457467,44.001,SLAM Toolbox,6342,0.0,0.0,23.246,1,42.9,3465.98,53.07
1783525569.1457467,44.001,SLAM Toolbox,6343,0.9,0.225,32.211,14,42.9,3465.98,53.07
1783525570.1458607,45.001,EKF,5295,1.0,0.25,25.535,12,44.5,3465.973,52.58
1783525570.1458607,45.001,robot_state_publisher,6130,0.0,0.0,23.082,11,44.5,3465.973,52.58
1783525570.1458607,45.001,RPLIDAR driver,6132,68.0,17.0,21.543,13,44.5,3465.973,52.58
1783525570.1458607,45.001,Madgwick,6136,0.0,0.0,23.84,11,44.5,3465.973,52.58
1783525570.1458607,45.001,RF2O,6182,0.0,0.0,23.246,1,44.5,3465.973,52.58
1783525570.1458607,45.001,RF2O,6183,1.0,0.25,25.117,12,44.5,3465.973,52.58
1783525570.1458607,45.001,SLAM Toolbox,6342,0.0,0.0,23.246,1,44.5,3465.973,52.58
1783525570.1458607,45.001,SLAM Toolbox,6343,1.0,0.25,32.211,14,44.5,3465.973,52.58
1783525571.1458929,46.001,EKF,5295,1.0,0.25,25.535,12,41.9,3466.191,53.56
1783525571.1458929,46.001,robot_state_publisher,6130,0.0,0.0,23.082,11,41.9,3466.191,53.56
1783525571.1458929,46.001,RPLIDAR driver,6132,68.7,17.175,21.543,13,41.9,3466.191,53.56
1783525571.1458929,46.001,Madgwick,6136,0.0,0.0,23.84,11,41.9,3466.191,53.56
1783525571.1458929,46.001,RF2O,6182,0.0,0.0,23.246,1,41.9,3466.191,53.56
1783525571.1458929,46.001,RF2O,6183,1.0,0.25,25.117,12,41.9,3466.191,53.56
1783525571.1458929,46.001,SLAM Toolbox,6342,0.0,0.0,23.246,1,41.9,3466.191,53.56
1783525571.1458929,46.001,SLAM Toolbox,6343,3.0,0.75,32.211,14,41.9,3466.191,53.56
1783525572.1459048,47.001,EKF,5295,1.0,0.25,25.535,12,44.4,3466.41,54.04
1783525572.1459048,47.001,robot_state_publisher,6130,0.0,0.0,23.082,11,44.4,3466.41,54.04
1783525572.1459048,47.001,RPLIDAR driver,6132,70.1,17.525,21.543,13,44.4,3466.41,54.04
1783525572.1459048,47.001,Madgwick,6136,0.0,0.0,23.84,11,44.4,3466.41,54.04
1783525572.1459048,47.001,RF2O,6182,0.0,0.0,23.246,1,44.4,3466.41,54.04
1783525572.1459048,47.001,RF2O,6183,1.0,0.25,25.117,12,44.4,3466.41,54.04
1783525572.1459048,47.001,SLAM Toolbox,6342,0.0,0.0,23.246,1,44.4,3466.41,54.04
1783525572.1459048,47.001,SLAM Toolbox,6343,1.0,0.25,32.211,14,44.4,3466.41,54.04
1783525573.1459022,48.001,EKF,5295,1.0,0.25,25.535,12,42.4,3466.406,54.04
1783525573.1459022,48.001,robot_state_publisher,6130,0.0,0.0,23.082,11,42.4,3466.406,54.04
1783525573.1459022,48.001,RPLIDAR driver,6132,69.8,17.45,21.543,13,42.4,3466.406,54.04
1783525573.1459022,48.001,Madgwick,6136,0.0,0.0,23.84,11,42.4,3466.406,54.04
1783525573.1459022,48.001,RF2O,6182,0.0,0.0,23.246,1,42.4,3466.406,54.04
1783525573.1459022,48.001,RF2O,6183,1.0,0.25,25.117,12,42.4,3466.406,54.04
1783525573.1459022,48.001,SLAM Toolbox,6342,0.0,0.0,23.246,1,42.4,3466.406,54.04
1783525573.1459022,48.001,SLAM Toolbox,6343,2.0,0.5,32.211,14,42.4,3466.406,54.04
1783525574.145927,49.001,EKF,5295,2.0,0.5,25.535,12,43.6,3466.66,54.04
1783525574.145927,49.001,robot_state_publisher,6130,0.0,0.0,23.082,11,43.6,3466.66,54.04
1783525574.145927,49.001,RPLIDAR driver,6132,72.0,18.0,21.543,13,43.6,3466.66,54.04
1783525574.145927,49.001,Madgwick,6136,1.0,0.25,23.84,11,43.6,3466.66,54.04
1783525574.145927,49.001,RF2O,6182,0.0,0.0,23.246,1,43.6,3466.66,54.04
1783525574.145927,49.001,RF2O,6183,1.0,0.25,25.117,12,43.6,3466.66,54.04
1783525574.145927,49.001,SLAM Toolbox,6342,0.0,0.0,23.246,1,43.6,3466.66,54.04
1783525574.145927,49.001,SLAM Toolbox,6343,1.0,0.25,32.211,14,43.6,3466.66,54.04
1783525575.1459172,50.001,EKF,5295,1.0,0.25,25.535,12,44.3,3466.656,52.09
1783525575.1459172,50.001,robot_state_publisher,6130,0.0,0.0,23.082,11,44.3,3466.656,52.09
1783525575.1459172,50.001,RPLIDAR driver,6132,68.0,17.0,21.543,13,44.3,3466.656,52.09
1783525575.1459172,50.001,Madgwick,6136,0.0,0.0,23.84,11,44.3,3466.656,52.09
1783525575.1459172,50.001,RF2O,6182,0.0,0.0,23.246,1,44.3,3466.656,52.09
1783525575.1459172,50.001,RF2O,6183,2.0,0.5,25.117,12,44.3,3466.656,52.09
1783525575.1459172,50.001,SLAM Toolbox,6342,0.0,0.0,23.246,1,44.3,3466.656,52.09
1783525575.1459172,50.001,SLAM Toolbox,6343,2.0,0.5,32.211,14,44.3,3466.656,52.09
1783525576.145913,51.001,EKF,5295,1.0,0.25,25.535,12,45.8,3467.082,53.56
1783525576.145913,51.001,robot_state_publisher,6130,0.0,0.0,23.082,11,45.8,3467.082,53.56
1783525576.145913,51.001,RPLIDAR driver,6132,67.6,16.9,21.543,13,45.8,3467.082,53.56
1783525576.145913,51.001,Madgwick,6136,0.0,0.0,23.84,11,45.8,3467.082,53.56
1783525576.145913,51.001,RF2O,6182,0.0,0.0,23.246,1,45.8,3467.082,53.56
1783525576.145913,51.001,RF2O,6183,1.0,0.25,25.117,12,45.8,3467.082,53.56
1783525576.145913,51.001,SLAM Toolbox,6342,0.0,0.0,23.246,1,45.8,3467.082,53.56
1783525576.145913,51.001,SLAM Toolbox,6343,2.0,0.5,32.211,14,45.8,3467.082,53.56
1783525577.1459112,52.001,EKF,5295,2.0,0.5,25.535,12,43.3,3467.078,52.58
1783525577.1459112,52.001,robot_state_publisher,6130,1.0,0.25,23.082,11,43.3,3467.078,52.58
1783525577.1459112,52.001,RPLIDAR driver,6132,70.2,17.55,21.543,13,43.3,3467.078,52.58
1783525577.1459112,52.001,Madgwick,6136,0.0,0.0,23.84,11,43.3,3467.078,52.58
1783525577.1459112,52.001,RF2O,6182,0.0,0.0,23.246,1,43.3,3467.078,52.58
1783525577.1459112,52.001,RF2O,6183,1.0,0.25,25.117,12,43.3,3467.078,52.58
1783525577.1459112,52.001,SLAM Toolbox,6342,0.0,0.0,23.246,1,43.3,3467.078,52.58
1783525577.1459112,52.001,SLAM Toolbox,6343,1.0,0.25,32.211,14,43.3,3467.078,52.58
1783525578.1455352,53.0,EKF,5295,1.0,0.25,25.535,12,44.9,3467.078,52.09
1783525578.1455352,53.0,robot_state_publisher,6130,0.0,0.0,23.082,11,44.9,3467.078,52.09
1783525578.1455352,53.0,RPLIDAR driver,6132,69.0,17.25,21.543,13,44.9,3467.078,52.09
1783525578.1455352,53.0,Madgwick,6136,0.0,0.0,23.84,11,44.9,3467.078,52.09
1783525578.1455352,53.0,RF2O,6182,0.0,0.0,23.246,1,44.9,3467.078,52.09
1783525578.1455352,53.0,RF2O,6183,2.0,0.5,25.117,12,44.9,3467.078,52.09
1783525578.1455352,53.0,SLAM Toolbox,6342,0.0,0.0,23.246,1,44.9,3467.078,52.09
1783525578.1455352,53.0,SLAM Toolbox,6343,2.0,0.5,32.211,14,44.9,3467.078,52.09
1783525579.1459334,54.001,EKF,5295,1.0,0.25,25.535,12,40.8,3467.074,51.61
1783525579.1459334,54.001,robot_state_publisher,6130,0.0,0.0,23.082,11,40.8,3467.074,51.61
1783525579.1459334,54.001,RPLIDAR driver,6132,68.0,17.0,21.543,13,40.8,3467.074,51.61
1783525579.1459334,54.001,Madgwick,6136,0.0,0.0,23.84,11,40.8,3467.074,51.61
1783525579.1459334,54.001,RF2O,6182,0.0,0.0,23.246,1,40.8,3467.074,51.61
1783525579.1459334,54.001,RF2O,6183,1.0,0.25,25.117,12,40.8,3467.074,51.61
1783525579.1459334,54.001,SLAM Toolbox,6342,0.0,0.0,23.246,1,40.8,3467.074,51.61
1783525579.1459334,54.001,SLAM Toolbox,6343,2.0,0.5,32.211,14,40.8,3467.074,51.61
1783525580.1459324,55.001,EKF,5295,2.0,0.5,25.535,12,45.0,3467.07,52.58
1783525580.1459324,55.001,robot_state_publisher,6130,0.0,0.0,23.082,11,45.0,3467.07,52.58
1783525580.1459324,55.001,RPLIDAR driver,6132,68.4,17.1,21.543,13,45.0,3467.07,52.58
1783525580.1459324,55.001,Madgwick,6136,1.0,0.25,23.84,11,45.0,3467.07,52.58
1783525580.1459324,55.001,RF2O,6182,0.0,0.0,23.246,1,45.0,3467.07,52.58
1783525580.1459324,55.001,RF2O,6183,2.0,0.5,25.117,12,45.0,3467.07,52.58
1783525580.1459324,55.001,SLAM Toolbox,6342,0.0,0.0,23.246,1,45.0,3467.07,52.58
1783525580.1459324,55.001,SLAM Toolbox,6343,1.0,0.25,32.211,14,45.0,3467.07,52.58
1783525581.1459303,56.001,EKF,5295,1.0,0.25,25.535,12,44.7,3467.066,53.07
1783525581.1459303,56.001,robot_state_publisher,6130,0.0,0.0,23.082,11,44.7,3467.066,53.07
1783525581.1459303,56.001,RPLIDAR driver,6132,69.7,17.425,21.543,13,44.7,3467.066,53.07
1783525581.1459303,56.001,Madgwick,6136,0.0,0.0,23.84,11,44.7,3467.066,53.07
1783525581.1459303,56.001,RF2O,6182,0.0,0.0,23.246,1,44.7,3467.066,53.07
1783525581.1459303,56.001,RF2O,6183,1.0,0.25,25.117,12,44.7,3467.066,53.07
1783525581.1459303,56.001,SLAM Toolbox,6342,0.0,0.0,23.246,1,44.7,3467.066,53.07
1783525581.1459303,56.001,SLAM Toolbox,6343,2.0,0.5,32.211,14,44.7,3467.066,53.07
1783525582.1455247,57.0,EKF,5295,1.0,0.25,25.535,12,44.3,3467.066,53.07
1783525582.1455247,57.0,robot_state_publisher,6130,0.0,0.0,23.082,11,44.3,3467.066,53.07
1783525582.1455247,57.0,RPLIDAR driver,6132,71.9,17.975,21.543,13,44.3,3467.066,53.07
1783525582.1455247,57.0,Madgwick,6136,0.0,0.0,23.84,11,44.3,3467.066,53.07
1783525582.1455247,57.0,RF2O,6182,0.0,0.0,23.246,1,44.3,3467.066,53.07
1783525582.1455247,57.0,RF2O,6183,1.0,0.25,25.117,12,44.3,3467.066,53.07
1783525582.1455247,57.0,SLAM Toolbox,6342,0.0,0.0,23.246,1,44.3,3467.066,53.07
1783525582.1455247,57.0,SLAM Toolbox,6343,2.0,0.5,32.211,14,44.3,3467.066,53.07
1783525583.145911,58.001,EKF,5295,1.0,0.25,25.535,12,43.7,3467.066,51.61
1783525583.145911,58.001,robot_state_publisher,6130,0.0,0.0,23.082,11,43.7,3467.066,51.61
1783525583.145911,58.001,RPLIDAR driver,6132,70.8,17.7,21.543,13,43.7,3467.066,51.61
1783525583.145911,58.001,Madgwick,6136,0.0,0.0,23.84,11,43.7,3467.066,51.61
1783525583.145911,58.001,RF2O,6182,0.0,0.0,23.246,1,43.7,3467.066,51.61
1783525583.145911,58.001,RF2O,6183,2.0,0.5,25.117,12,43.7,3467.066,51.61
1783525583.145911,58.001,SLAM Toolbox,6342,0.0,0.0,23.246,1,43.7,3467.066,51.61
1783525583.145911,58.001,SLAM Toolbox,6343,2.0,0.5,32.211,14,43.7,3467.066,51.61
1783525584.1459374,59.001,EKF,5295,1.0,0.25,25.535,12,43.7,3467.066,53.07
1783525584.1459374,59.001,robot_state_publisher,6130,1.0,0.25,23.082,11,43.7,3467.066,53.07
1783525584.1459374,59.001,RPLIDAR driver,6132,69.7,17.425,21.543,13,43.7,3467.066,53.07
1783525584.1459374,59.001,Madgwick,6136,0.0,0.0,23.84,11,43.7,3467.066,53.07
1783525584.1459374,59.001,RF2O,6182,0.0,0.0,23.246,1,43.7,3467.066,53.07
1783525584.1459374,59.001,RF2O,6183,1.0,0.25,25.117,12,43.7,3467.066,53.07
1783525584.1459374,59.001,SLAM Toolbox,6342,0.0,0.0,23.246,1,43.7,3467.066,53.07
1783525584.1459374,59.001,SLAM Toolbox,6343,1.0,0.25,32.211,14,43.7,3467.066,53.07
1783525585.1458793,60.001,EKF,5295,2.0,0.5,25.535,12,44.7,3467.293,54.04
1783525585.1458793,60.001,robot_state_publisher,6130,0.0,0.0,23.082,11,44.7,3467.293,54.04
1783525585.1458793,60.001,RPLIDAR driver,6132,70.9,17.725,21.543,13,44.7,3467.293,54.04
1783525585.1458793,60.001,Madgwick,6136,0.0,0.0,23.84,11,44.7,3467.293,54.04
1783525585.1458793,60.001,RF2O,6182,0.0,0.0,23.246,1,44.7,3467.293,54.04
1783525585.1458793,60.001,RF2O,6183,2.0,0.5,25.117,12,44.7,3467.293,54.04
1783525585.1458793,60.001,SLAM Toolbox,6342,0.0,0.0,23.246,1,44.7,3467.293,54.04
1783525585.1458793,60.001,SLAM Toolbox,6343,2.0,0.5,32.211,14,44.7,3467.293,54.04
1783525586.1460862,61.001,EKF,5295,1.0,0.25,25.535,12,42.6,3467.539,51.61
1783525586.1460862,61.001,robot_state_publisher,6130,0.0,0.0,23.082,11,42.6,3467.539,51.61
1783525586.1460862,61.001,RPLIDAR driver,6132,65.4,16.35,21.543,13,42.6,3467.539,51.61
1783525586.1460862,61.001,Madgwick,6136,0.0,0.0,23.84,11,42.6,3467.539,51.61
1783525586.1460862,61.001,RF2O,6182,0.0,0.0,23.246,1,42.6,3467.539,51.61
1783525586.1460862,61.001,RF2O,6183,0.0,0.0,25.117,12,42.6,3467.539,51.61
1783525586.1460862,61.001,SLAM Toolbox,6342,0.0,0.0,23.246,1,42.6,3467.539,51.61
1783525586.1460862,61.001,SLAM Toolbox,6343,2.0,0.5,32.211,14,42.6,3467.539,51.61
1783525587.1458483,62.001,EKF,5295,0.0,0.0,25.535,12,41.4,3467.539,52.09
1783525587.1458483,62.001,robot_state_publisher,6130,0.0,0.0,23.082,11,41.4,3467.539,52.09
1783525587.1458483,62.001,RPLIDAR driver,6132,72.6,18.15,21.543,13,41.4,3467.539,52.09
1783525587.1458483,62.001,Madgwick,6136,0.0,0.0,23.84,11,41.4,3467.539,52.09
1783525587.1458483,62.001,RF2O,6182,0.0,0.0,23.246,1,41.4,3467.539,52.09
1783525587.1458483,62.001,RF2O,6183,1.1,0.275,25.117,12,41.4,3467.539,52.09
1783525587.1458483,62.001,SLAM Toolbox,6342,0.0,0.0,23.246,1,41.4,3467.539,52.09
1783525587.1458483,62.001,SLAM Toolbox,6343,1.1,0.275,32.211,14,41.4,3467.539,52.09
1783525588.1459603,63.001,EKF,5295,0.9,0.225,25.535,12,45.1,3467.539,52.58
1783525588.1459603,63.001,robot_state_publisher,6130,0.0,0.0,23.082,11,45.1,3467.539,52.58
1783525588.1459603,63.001,RPLIDAR driver,6132,70.5,17.625,21.543,13,45.1,3467.539,52.58
1783525588.1459603,63.001,Madgwick,6136,0.0,0.0,23.84,11,45.1,3467.539,52.58
1783525588.1459603,63.001,RF2O,6182,0.0,0.0,23.246,1,45.1,3467.539,52.58
1783525588.1459603,63.001,RF2O,6183,1.9,0.475,25.117,12,45.1,3467.539,52.58
1783525588.1459603,63.001,SLAM Toolbox,6342,0.0,0.0,23.246,1,45.1,3467.539,52.58
1783525588.1459603,63.001,SLAM Toolbox,6343,1.9,0.475,32.211,14,45.1,3467.539,52.58
1783525589.1458592,64.001,EKF,5295,2.2,0.55,25.535,12,43.5,3467.535,52.58
1783525589.1458592,64.001,robot_state_publisher,6130,0.0,0.0,23.082,11,43.5,3467.535,52.58
1783525589.1458592,64.001,RPLIDAR driver,6132,69.9,17.475,21.543,13,43.5,3467.535,52.58
1783525589.1458592,64.001,Madgwick,6136,0.0,0.0,23.84,11,43.5,3467.535,52.58
1783525589.1458592,64.001,RF2O,6182,0.0,0.0,23.246,1,43.5,3467.535,52.58
1783525589.1458592,64.001,RF2O,6183,1.1,0.275,25.117,12,43.5,3467.535,52.58
1783525589.1458592,64.001,SLAM Toolbox,6342,0.0,0.0,23.246,1,43.5,3467.535,52.58
1783525589.1458592,64.001,SLAM Toolbox,6343,2.1,0.525,32.211,14,43.5,3467.535,52.58
1783525590.145913,65.001,EKF,5295,1.0,0.25,25.535,12,43.8,3467.746,52.58
1783525590.145913,65.001,robot_state_publisher,6130,0.0,0.0,23.082,11,43.8,3467.746,52.58
1783525590.145913,65.001,RPLIDAR driver,6132,71.3,17.825,21.543,13,43.8,3467.746,52.58
1783525590.145913,65.001,Madgwick,6136,0.0,0.0,23.84,11,43.8,3467.746,52.58
1783525590.145913,65.001,RF2O,6182,0.0,0.0,23.246,1,43.8,3467.746,52.58
1783525590.145913,65.001,RF2O,6183,1.0,0.25,25.117,12,43.8,3467.746,52.58
1783525590.145913,65.001,SLAM Toolbox,6342,0.0,0.0,23.246,1,43.8,3467.746,52.58
1783525590.145913,65.001,SLAM Toolbox,6343,1.0,0.25,32.211,14,43.8,3467.746,52.58
1783525591.145931,66.001,EKF,5295,1.9,0.475,25.535,12,47.3,3467.746,52.09
1783525591.145931,66.001,robot_state_publisher,6130,0.0,0.0,23.082,11,47.3,3467.746,52.09
1783525591.145931,66.001,RPLIDAR driver,6132,68.2,17.05,21.543,13,47.3,3467.746,52.09
1783525591.145931,66.001,Madgwick,6136,0.0,0.0,23.84,11,47.3,3467.746,52.09
1783525591.145931,66.001,RF2O,6182,0.0,0.0,23.246,1,47.3,3467.746,52.09
1783525591.145931,66.001,RF2O,6183,1.9,0.475,25.117,12,47.3,3467.746,52.09
1783525591.145931,66.001,SLAM Toolbox,6342,0.0,0.0,23.246,1,47.3,3467.746,52.09
1783525591.145931,66.001,SLAM Toolbox,6343,1.9,0.475,32.211,14,47.3,3467.746,52.09
1783525592.145858,67.001,EKF,5295,0.0,0.0,25.535,12,42.8,3468.238,52.09
1783525592.145858,67.001,robot_state_publisher,6130,0.0,0.0,23.082,11,42.8,3468.238,52.09
1783525592.145858,67.001,RPLIDAR driver,6132,68.5,17.125,21.543,13,42.8,3468.238,52.09
1783525592.145858,67.001,Madgwick,6136,1.1,0.275,23.84,11,42.8,3468.238,52.09
1783525592.145858,67.001,RF2O,6182,0.0,0.0,23.246,1,42.8,3468.238,52.09
1783525592.145858,67.001,RF2O,6183,1.1,0.275,25.117,12,42.8,3468.238,52.09
1783525592.145858,67.001,SLAM Toolbox,6342,0.0,0.0,23.246,1,42.8,3468.238,52.09
1783525592.145858,67.001,SLAM Toolbox,6343,2.1,0.525,32.211,14,42.8,3468.238,52.09
1783525593.145902,68.001,EKF,5295,1.0,0.25,25.535,12,44.0,3468.238,53.07
1783525593.145902,68.001,robot_state_publisher,6130,0.0,0.0,23.082,11,44.0,3468.238,53.07
1783525593.145902,68.001,RPLIDAR driver,6132,69.0,17.25,21.543,13,44.0,3468.238,53.07
1783525593.145902,68.001,Madgwick,6136,0.0,0.0,23.84,11,44.0,3468.238,53.07
1783525593.145902,68.001,RF2O,6182,0.0,0.0,23.246,1,44.0,3468.238,53.07
1783525593.145902,68.001,RF2O,6183,1.0,0.25,25.117,12,44.0,3468.238,53.07
1783525593.145902,68.001,SLAM Toolbox,6342,0.0,0.0,23.246,1,44.0,3468.238,53.07
1783525593.145902,68.001,SLAM Toolbox,6343,2.0,0.5,32.211,14,44.0,3468.238,53.07
1783525594.1453025,69.0,EKF,5295,1.9,0.475,25.535,12,43.9,3468.234,53.56
1783525594.1453025,69.0,robot_state_publisher,6130,0.0,0.0,23.082,11,43.9,3468.234,53.56
1783525594.1453025,69.0,RPLIDAR driver,6132,68.8,17.2,21.543,13,43.9,3468.234,53.56
1783525594.1453025,69.0,Madgwick,6136,0.0,0.0,23.84,11,43.9,3468.234,53.56
1783525594.1453025,69.0,RF2O,6182,0.0,0.0,23.246,1,43.9,3468.234,53.56
1783525594.1453025,69.0,RF2O,6183,1.9,0.475,25.117,12,43.9,3468.234,53.56
1783525594.1453025,69.0,SLAM Toolbox,6342,0.0,0.0,23.246,1,43.9,3468.234,53.56
1783525594.1453025,69.0,SLAM Toolbox,6343,1.9,0.475,32.211,14,43.9,3468.234,53.56
1783525595.145909,70.001,EKF,5295,1.0,0.25,25.535,12,42.8,3468.223,52.58
1783525595.145909,70.001,robot_state_publisher,6130,1.0,0.25,23.082,11,42.8,3468.223,52.58
1783525595.145909,70.001,RPLIDAR driver,6132,69.8,17.45,21.543,13,42.8,3468.223,52.58
1783525595.145909,70.001,Madgwick,6136,0.0,0.0,23.84,11,42.8,3468.223,52.58
1783525595.145909,70.001,RF2O,6182,0.0,0.0,23.246,1,42.8,3468.223,52.58
1783525595.145909,70.001,RF2O,6183,1.0,0.25,25.117,12,42.8,3468.223,52.58
1783525595.145909,70.001,SLAM Toolbox,6342,0.0,0.0,23.246,1,42.8,3468.223,52.58
1783525595.145909,70.001,SLAM Toolbox,6343,2.0,0.5,32.211,14,42.8,3468.223,52.58
1783525596.1456506,71.001,EKF,5295,1.1,0.275,25.535,12,45.5,3468.223,52.09
1783525596.1456506,71.001,robot_state_publisher,6130,0.0,0.0,23.082,11,45.5,3468.223,52.09
1783525596.1456506,71.001,RPLIDAR driver,6132,69.3,17.325,21.543,13,45.5,3468.223,52.09
1783525596.1456506,71.001,Madgwick,6136,0.0,0.0,23.84,11,45.5,3468.223,52.09
1783525596.1456506,71.001,RF2O,6182,0.0,0.0,23.246,1,45.5,3468.223,52.09
1783525596.1456506,71.001,RF2O,6183,1.1,0.275,25.117,12,45.5,3468.223,52.09
1783525596.1456506,71.001,SLAM Toolbox,6342,0.0,0.0,23.246,1,45.5,3468.223,52.09
1783525596.1456506,71.001,SLAM Toolbox,6343,1.1,0.275,32.211,14,45.5,3468.223,52.09
1783525597.1459224,72.001,EKF,5295,0.9,0.225,25.535,12,44.4,3468.469,53.07
1783525597.1459224,72.001,robot_state_publisher,6130,0.0,0.0,23.082,11,44.4,3468.469,53.07
1783525597.1459224,72.001,RPLIDAR driver,6132,70.1,17.525,21.543,13,44.4,3468.469,53.07
1783525597.1459224,72.001,Madgwick,6136,0.0,0.0,23.84,11,44.4,3468.469,53.07
1783525597.1459224,72.001,RF2O,6182,0.0,0.0,23.246,1,44.4,3468.469,53.07
1783525597.1459224,72.001,RF2O,6183,0.9,0.225,25.117,12,44.4,3468.469,53.07
1783525597.1459224,72.001,SLAM Toolbox,6342,0.0,0.0,23.246,1,44.4,3468.469,53.07
1783525597.1459224,72.001,SLAM Toolbox,6343,1.9,0.475,32.211,14,44.4,3468.469,53.07
1783525598.1458733,73.001,EKF,5295,1.1,0.275,25.535,12,43.1,3468.465,54.04
1783525598.1458733,73.001,robot_state_publisher,6130,1.1,0.275,23.082,11,43.1,3468.465,54.04
1783525598.1458733,73.001,RPLIDAR driver,6132,68.5,17.125,21.543,13,43.1,3468.465,54.04
1783525598.1458733,73.001,Madgwick,6136,0.0,0.0,23.84,11,43.1,3468.465,54.04
1783525598.1458733,73.001,RF2O,6182,0.0,0.0,23.246,1,43.1,3468.465,54.04
1783525598.1458733,73.001,RF2O,6183,2.1,0.525,25.117,12,43.1,3468.465,54.04
1783525598.1458733,73.001,SLAM Toolbox,6342,0.0,0.0,23.246,1,43.1,3468.465,54.04
1783525598.1458733,73.001,SLAM Toolbox,6343,2.1,0.525,32.211,14,43.1,3468.465,54.04
1783525599.14593,74.001,EKF,5295,1.0,0.25,25.535,12,44.5,3468.465,53.56
1783525599.14593,74.001,robot_state_publisher,6130,0.0,0.0,23.082,11,44.5,3468.465,53.56
1783525599.14593,74.001,RPLIDAR driver,6132,72.4,18.1,21.543,13,44.5,3468.465,53.56
1783525599.14593,74.001,Madgwick,6136,1.0,0.25,23.84,11,44.5,3468.465,53.56
1783525599.14593,74.001,RF2O,6182,0.0,0.0,23.246,1,44.5,3468.465,53.56
1783525599.14593,74.001,RF2O,6183,0.0,0.0,25.117,12,44.5,3468.465,53.56
1783525599.14593,74.001,SLAM Toolbox,6342,0.0,0.0,23.246,1,44.5,3468.465,53.56
1783525599.14593,74.001,SLAM Toolbox,6343,1.0,0.25,32.211,14,44.5,3468.465,53.56
1783525600.145917,75.001,EKF,5295,1.0,0.25,25.535,12,42.2,3468.453,52.58
1783525600.145917,75.001,robot_state_publisher,6130,0.0,0.0,23.082,11,42.2,3468.453,52.58
1783525600.145917,75.001,RPLIDAR driver,6132,69.6,17.4,21.543,13,42.2,3468.453,52.58
1783525600.145917,75.001,Madgwick,6136,1.0,0.25,23.84,11,42.2,3468.453,52.58
1783525600.145917,75.001,RF2O,6182,0.0,0.0,23.246,1,42.2,3468.453,52.58
1783525600.145917,75.001,RF2O,6183,2.0,0.5,25.117,12,42.2,3468.453,52.58
1783525600.145917,75.001,SLAM Toolbox,6342,0.0,0.0,23.246,1,42.2,3468.453,52.58
1783525600.145917,75.001,SLAM Toolbox,6343,2.0,0.5,32.211,14,42.2,3468.453,52.58
1783525601.1459122,76.001,EKF,5295,2.0,0.5,25.535,12,43.3,3468.453,51.61
1783525601.1459122,76.001,robot_state_publisher,6130,0.0,0.0,23.082,11,43.3,3468.453,51.61
1783525601.1459122,76.001,RPLIDAR driver,6132,71.7,17.925,21.543,13,43.3,3468.453,51.61
1783525601.1459122,76.001,Madgwick,6136,0.0,0.0,23.84,11,43.3,3468.453,51.61
1783525601.1459122,76.001,RF2O,6182,0.0,0.0,23.246,1,43.3,3468.453,51.61
1783525601.1459122,76.001,RF2O,6183,1.0,0.25,25.117,12,43.3,3468.453,51.61
1783525601.1459122,76.001,SLAM Toolbox,6342,0.0,0.0,23.246,1,43.3,3468.453,51.61
1783525601.1459122,76.001,SLAM Toolbox,6343,3.0,0.75,32.211,14,43.3,3468.453,51.61
1783525602.1459095,77.001,EKF,5295,1.0,0.25,25.535,12,43.8,3468.449,52.58
1783525602.1459095,77.001,robot_state_publisher,6130,0.0,0.0,23.082,11,43.8,3468.449,52.58
1783525602.1459095,77.001,RPLIDAR driver,6132,69.4,17.35,21.543,13,43.8,3468.449,52.58
1783525602.1459095,77.001,Madgwick,6136,0.0,0.0,23.84,11,43.8,3468.449,52.58
1783525602.1459095,77.001,RF2O,6182,0.0,0.0,23.246,1,43.8,3468.449,52.58
1783525602.1459095,77.001,RF2O,6183,2.0,0.5,25.117,12,43.8,3468.449,52.58
1783525602.1459095,77.001,SLAM Toolbox,6342,0.0,0.0,23.246,1,43.8,3468.449,52.58
1783525602.1459095,77.001,SLAM Toolbox,6343,1.0,0.25,32.211,14,43.8,3468.449,52.58
1783525603.1459782,78.001,EKF,5295,1.0,0.25,25.535,12,42.4,3468.449,52.58
1783525603.1459782,78.001,robot_state_publisher,6130,0.0,0.0,23.082,11,42.4,3468.449,52.58
1783525603.1459782,78.001,RPLIDAR driver,6132,71.3,17.825,21.543,13,42.4,3468.449,52.58
1783525603.1459782,78.001,Madgwick,6136,0.0,0.0,23.84,11,42.4,3468.449,52.58
1783525603.1459782,78.001,RF2O,6182,0.0,0.0,23.246,1,42.4,3468.449,52.58
1783525603.1459782,78.001,RF2O,6183,1.0,0.25,25.117,12,42.4,3468.449,52.58
1783525603.1459782,78.001,SLAM Toolbox,6342,0.0,0.0,23.246,1,42.4,3468.449,52.58
1783525603.1459782,78.001,SLAM Toolbox,6343,1.0,0.25,32.211,14,42.4,3468.449,52.58
1783525604.145928,79.001,EKF,5295,1.0,0.25,25.535,12,43.8,3468.449,53.07
1783525604.145928,79.001,robot_state_publisher,6130,0.0,0.0,23.082,11,43.8,3468.449,53.07
1783525604.145928,79.001,RPLIDAR driver,6132,69.2,17.3,21.543,13,43.8,3468.449,53.07
1783525604.145928,79.001,Madgwick,6136,0.0,0.0,23.84,11,43.8,3468.449,53.07
1783525604.145928,79.001,RF2O,6182,0.0,0.0,23.246,1,43.8,3468.449,53.07
1783525604.145928,79.001,RF2O,6183,1.0,0.25,25.117,12,43.8,3468.449,53.07
1783525604.145928,79.001,SLAM Toolbox,6342,0.0,0.0,23.246,1,43.8,3468.449,53.07
1783525604.145928,79.001,SLAM Toolbox,6343,2.0,0.5,32.211,14,43.8,3468.449,53.07
1783525605.1459467,80.001,EKF,5295,2.0,0.5,25.535,12,43.3,3468.438,52.58
1783525605.1459467,80.001,robot_state_publisher,6130,0.0,0.0,23.082,11,43.3,3468.438,52.58
1783525605.1459467,80.001,RPLIDAR driver,6132,70.4,17.6,21.543,13,43.3,3468.438,52.58
1783525605.1459467,80.001,Madgwick,6136,0.0,0.0,23.84,11,43.3,3468.438,52.58
1783525605.1459467,80.001,RF2O,6182,0.0,0.0,23.246,1,43.3,3468.438,52.58
1783525605.1459467,80.001,RF2O,6183,1.0,0.25,25.117,12,43.3,3468.438,52.58
1783525605.1459467,80.001,SLAM Toolbox,6342,0.0,0.0,23.246,1,43.3,3468.438,52.58
1783525605.1459467,80.001,SLAM Toolbox,6343,2.0,0.5,32.211,14,43.3,3468.438,52.58
1783525606.1459253,81.001,EKF,5295,1.0,0.25,25.535,12,43.3,3468.438,52.09
1783525606.1459253,81.001,robot_state_publisher,6130,0.0,0.0,23.082,11,43.3,3468.438,52.09
1783525606.1459253,81.001,RPLIDAR driver,6132,68.4,17.1,21.543,13,43.3,3468.438,52.09
1783525606.1459253,81.001,Madgwick,6136,0.0,0.0,23.84,11,43.3,3468.438,52.09
1783525606.1459253,81.001,RF2O,6182,0.0,0.0,23.246,1,43.3,3468.438,52.09
1783525606.1459253,81.001,RF2O,6183,2.0,0.5,25.117,12,43.3,3468.438,52.09
1783525606.1459253,81.001,SLAM Toolbox,6342,0.0,0.0,23.246,1,43.3,3468.438,52.09
1783525606.1459253,81.001,SLAM Toolbox,6343,1.0,0.25,32.211,14,43.3,3468.438,52.09
1783525607.1459205,82.001,EKF,5295,1.0,0.25,25.535,12,42.2,3468.434,51.61
1783525607.1459205,82.001,robot_state_publisher,6130,0.0,0.0,23.082,11,42.2,3468.434,51.61
1783525607.1459205,82.001,RPLIDAR driver,6132,70.9,17.725,21.543,13,42.2,3468.434,51.61
1783525607.1459205,82.001,Madgwick,6136,0.0,0.0,23.84,11,42.2,3468.434,51.61
1783525607.1459205,82.001,RF2O,6182,0.0,0.0,23.246,1,42.2,3468.434,51.61
1783525607.1459205,82.001,RF2O,6183,1.0,0.25,25.117,12,42.2,3468.434,51.61
1783525607.1459205,82.001,SLAM Toolbox,6342,0.0,0.0,23.246,1,42.2,3468.434,51.61
1783525607.1459205,82.001,SLAM Toolbox,6343,3.0,0.75,32.211,14,42.2,3468.434,51.61
1783525608.1459184,83.001,EKF,5295,0.9,0.225,25.535,12,45.0,3468.434,53.07
1783525608.1459184,83.001,robot_state_publisher,6130,0.0,0.0,23.082,11,45.0,3468.434,53.07
1783525608.1459184,83.001,RPLIDAR driver,6132,69.5,17.375,21.543,13,45.0,3468.434,53.07
1783525608.1459184,83.001,Madgwick,6136,0.0,0.0,23.84,11,45.0,3468.434,53.07
1783525608.1459184,83.001,RF2O,6182,0.0,0.0,23.246,1,45.0,3468.434,53.07
1783525608.1459184,83.001,RF2O,6183,1.9,0.475,25.117,12,45.0,3468.434,53.07
1783525608.1459184,83.001,SLAM Toolbox,6342,0.0,0.0,23.246,1,45.0,3468.434,53.07
1783525608.1459184,83.001,SLAM Toolbox,6343,0.9,0.225,32.211,14,45.0,3468.434,53.07
1783525609.1458595,84.001,EKF,5295,1.0,0.25,25.535,12,43.8,3468.434,52.09
1783525609.1458595,84.001,robot_state_publisher,6130,0.0,0.0,23.082,11,43.8,3468.434,52.09
1783525609.1458595,84.001,RPLIDAR driver,6132,69.5,17.375,21.543,13,43.8,3468.434,52.09
1783525609.1458595,84.001,Madgwick,6136,0.0,0.0,23.84,11,43.8,3468.434,52.09
1783525609.1458595,84.001,RF2O,6182,0.0,0.0,23.246,1,43.8,3468.434,52.09
1783525609.1458595,84.001,RF2O,6183,1.0,0.25,25.117,12,43.8,3468.434,52.09
1783525609.1458595,84.001,SLAM Toolbox,6342,0.0,0.0,23.246,1,43.8,3468.434,52.09
1783525609.1458595,84.001,SLAM Toolbox,6343,2.0,0.5,32.211,14,43.8,3468.434,52.09
1783525610.145861,85.001,EKF,5295,2.0,0.5,25.535,12,41.9,3468.422,52.09
1783525610.145861,85.001,robot_state_publisher,6130,1.0,0.25,23.082,11,41.9,3468.422,52.09
1783525610.145861,85.001,RPLIDAR driver,6132,69.5,17.375,21.543,13,41.9,3468.422,52.09
1783525610.145861,85.001,Madgwick,6136,1.0,0.25,23.84,11,41.9,3468.422,52.09
1783525610.145861,85.001,RF2O,6182,0.0,0.0,23.246,1,41.9,3468.422,52.09
1783525610.145861,85.001,RF2O,6183,2.0,0.5,25.117,12,41.9,3468.422,52.09
1783525610.145861,85.001,SLAM Toolbox,6342,0.0,0.0,23.246,1,41.9,3468.422,52.09
1783525610.145861,85.001,SLAM Toolbox,6343,2.0,0.5,32.211,14,41.9,3468.422,52.09
1783525611.1459527,86.001,EKF,5295,1.0,0.25,25.535,12,43.7,3469.148,53.07
1783525611.1459527,86.001,robot_state_publisher,6130,0.0,0.0,23.082,11,43.7,3469.148,53.07
1783525611.1459527,86.001,RPLIDAR driver,6132,67.9,16.975,21.543,13,43.7,3469.148,53.07
1783525611.1459527,86.001,Madgwick,6136,0.0,0.0,23.84,11,43.7,3469.148,53.07
1783525611.1459527,86.001,RF2O,6182,0.0,0.0,23.246,1,43.7,3469.148,53.07
1783525611.1459527,86.001,RF2O,6183,1.0,0.25,25.117,12,43.7,3469.148,53.07
1783525611.1459527,86.001,SLAM Toolbox,6342,0.0,0.0,23.246,1,43.7,3469.148,53.07
1783525611.1459527,86.001,SLAM Toolbox,6343,2.0,0.5,32.211,14,43.7,3469.148,53.07
1783525612.1458526,87.001,EKF,5295,1.0,0.25,25.535,12,42.9,3469.371,51.61
1783525612.1458526,87.001,robot_state_publisher,6130,0.0,0.0,23.082,11,42.9,3469.371,51.61
1783525612.1458526,87.001,RPLIDAR driver,6132,68.7,17.175,21.543,13,42.9,3469.371,51.61
1783525612.1458526,87.001,Madgwick,6136,0.0,0.0,23.84,11,42.9,3469.371,51.61
1783525612.1458526,87.001,RF2O,6182,0.0,0.0,23.246,1,42.9,3469.371,51.61
1783525612.1458526,87.001,RF2O,6183,1.0,0.25,25.117,12,42.9,3469.371,51.61
1783525612.1458526,87.001,SLAM Toolbox,6342,0.0,0.0,23.246,1,42.9,3469.371,51.61
1783525612.1458526,87.001,SLAM Toolbox,6343,2.0,0.5,32.211,14,42.9,3469.371,51.61
1783525613.1458669,88.001,EKF,5295,1.1,0.275,25.535,12,43.8,3469.797,52.09
1783525613.1458669,88.001,robot_state_publisher,6130,1.1,0.275,23.082,11,43.8,3469.797,52.09
1783525613.1458669,88.001,RPLIDAR driver,6132,70.8,17.7,21.543,13,43.8,3469.797,52.09
1783525613.1458669,88.001,Madgwick,6136,0.0,0.0,23.84,11,43.8,3469.797,52.09
1783525613.1458669,88.001,RF2O,6182,0.0,0.0,23.246,1,43.8,3469.797,52.09
1783525613.1458669,88.001,RF2O,6183,1.1,0.275,25.117,12,43.8,3469.797,52.09
1783525613.1458669,88.001,SLAM Toolbox,6342,0.0,0.0,23.246,1,43.8,3469.797,52.09
1783525613.1458669,88.001,SLAM Toolbox,6343,1.1,0.275,32.211,14,43.8,3469.797,52.09
1783525614.1458986,89.001,EKF,5295,1.0,0.25,25.535,12,51.5,3470.234,53.07
1783525614.1458986,89.001,robot_state_publisher,6130,0.0,0.0,23.082,11,51.5,3470.234,53.07
1783525614.1458986,89.001,RPLIDAR driver,6132,64.7,16.175,21.543,13,51.5,3470.234,53.07
1783525614.1458986,89.001,Madgwick,6136,0.0,0.0,23.84,11,51.5,3470.234,53.07
1783525614.1458986,89.001,RF2O,6182,0.0,0.0,23.246,1,51.5,3470.234,53.07
1783525614.1458986,89.001,RF2O,6183,2.0,0.5,25.117,12,51.5,3470.234,53.07
1783525614.1458986,89.001,SLAM Toolbox,6342,0.0,0.0,23.246,1,51.5,3470.234,53.07
1783525614.1458986,89.001,SLAM Toolbox,6343,2.0,0.5,32.211,14,51.5,3470.234,53.07
1783525615.145902,90.001,EKF,5295,1.0,0.25,25.535,12,44.4,3470.227,53.07
1783525615.145902,90.001,robot_state_publisher,6130,0.0,0.0,23.082,11,44.4,3470.227,53.07
1783525615.145902,90.001,RPLIDAR driver,6132,68.5,17.125,21.543,13,44.4,3470.227,53.07
1783525615.145902,90.001,Madgwick,6136,0.0,0.0,23.84,11,44.4,3470.227,53.07
1783525615.145902,90.001,RF2O,6182,0.0,0.0,23.246,1,44.4,3470.227,53.07
1783525615.145902,90.001,RF2O,6183,1.0,0.25,25.117,12,44.4,3470.227,53.07
1783525615.145902,90.001,SLAM Toolbox,6342,0.0,0.0,23.246,1,44.4,3470.227,53.07
1783525615.145902,90.001,SLAM Toolbox,6343,1.0,0.25,32.211,14,44.4,3470.227,53.07
1783525616.1458592,91.001,EKF,5295,2.1,0.525,25.535,12,42.1,3470.227,51.61
1783525616.1458592,91.001,robot_state_publisher,6130,0.0,0.0,23.082,11,42.1,3470.227,51.61
1783525616.1458592,91.001,RPLIDAR driver,6132,68.9,17.225,21.543,13,42.1,3470.227,51.61
1783525616.1458592,91.001,Madgwick,6136,1.1,0.275,23.84,11,42.1,3470.227,51.61
1783525616.1458592,91.001,RF2O,6182,0.0,0.0,23.246,1,42.1,3470.227,51.61
1783525616.1458592,91.001,RF2O,6183,1.1,0.275,25.117,12,42.1,3470.227,51.61
1783525616.1458592,91.001,SLAM Toolbox,6342,0.0,0.0,23.246,1,42.1,3470.227,51.61
1783525616.1458592,91.001,SLAM Toolbox,6343,2.1,0.525,32.211,14,42.1,3470.227,51.61
1783525617.145925,92.001,EKF,5295,1.0,0.25,25.535,12,44.8,3470.164,53.56
1783525617.145925,92.001,robot_state_publisher,6130,0.0,0.0,23.082,11,44.8,3470.164,53.56
1783525617.145925,92.001,RPLIDAR driver,6132,71.4,17.85,21.543,13,44.8,3470.164,53.56
1783525617.145925,92.001,Madgwick,6136,0.0,0.0,23.84,11,44.8,3470.164,53.56
1783525617.145925,92.001,RF2O,6182,0.0,0.0,23.246,1,44.8,3470.164,53.56
1783525617.145925,92.001,RF2O,6183,1.0,0.25,25.117,12,44.8,3470.164,53.56
1783525617.145925,92.001,SLAM Toolbox,6342,0.0,0.0,23.246,1,44.8,3470.164,53.56
1783525617.145925,92.001,SLAM Toolbox,6343,2.0,0.5,32.211,14,44.8,3470.164,53.56
1783525618.1459317,93.001,EKF,5295,1.0,0.25,25.535,12,39.7,3470.156,52.58
1783525618.1459317,93.001,robot_state_publisher,6130,0.0,0.0,23.082,11,39.7,3470.156,52.58
1783525618.1459317,93.001,RPLIDAR driver,6132,69.8,17.45,21.543,13,39.7,3470.156,52.58
1783525618.1459317,93.001,Madgwick,6136,0.0,0.0,23.84,11,39.7,3470.156,52.58
1783525618.1459317,93.001,RF2O,6182,0.0,0.0,23.246,1,39.7,3470.156,52.58
1783525618.1459317,93.001,RF2O,6183,2.0,0.5,25.117,12,39.7,3470.156,52.58
1783525618.1459317,93.001,SLAM Toolbox,6342,0.0,0.0,23.246,1,39.7,3470.156,52.58
1783525618.1459317,93.001,SLAM Toolbox,6343,1.0,0.25,32.211,14,39.7,3470.156,52.58
1783525619.1459248,94.001,EKF,5295,1.0,0.25,25.535,12,42.3,3470.156,52.58
1783525619.1459248,94.001,robot_state_publisher,6130,0.0,0.0,23.082,11,42.3,3470.156,52.58
1783525619.1459248,94.001,RPLIDAR driver,6132,69.8,17.45,21.543,13,42.3,3470.156,52.58
1783525619.1459248,94.001,Madgwick,6136,0.0,0.0,23.84,11,42.3,3470.156,52.58
1783525619.1459248,94.001,RF2O,6182,0.0,0.0,23.246,1,42.3,3470.156,52.58
1783525619.1459248,94.001,RF2O,6183,1.0,0.25,25.117,12,42.3,3470.156,52.58
1783525619.1459248,94.001,SLAM Toolbox,6342,0.0,0.0,23.246,1,42.3,3470.156,52.58
1783525619.1459248,94.001,SLAM Toolbox,6343,2.0,0.5,32.211,14,42.3,3470.156,52.58
1783525620.1459236,95.001,EKF,5295,1.9,0.475,25.535,12,46.4,3469.352,52.58
1783525620.1459236,95.001,robot_state_publisher,6130,0.0,0.0,23.082,11,46.4,3469.352,52.58
1783525620.1459236,95.001,RPLIDAR driver,6132,68.0,17.0,21.543,13,46.4,3469.352,52.58
1783525620.1459236,95.001,Madgwick,6136,0.0,0.0,23.84,11,46.4,3469.352,52.58
1783525620.1459236,95.001,RF2O,6182,0.0,0.0,23.246,1,46.4,3469.352,52.58
1783525620.1459236,95.001,RF2O,6183,0.9,0.225,25.117,12,46.4,3469.352,52.58
1783525620.1459236,95.001,SLAM Toolbox,6342,0.0,0.0,23.246,1,46.4,3469.352,52.58
1783525620.1459236,95.001,SLAM Toolbox,6343,0.9,0.225,32.211,14,46.4,3469.352,52.58
1783525621.1458707,96.001,EKF,5295,1.0,0.25,25.535,12,44.8,3470.184,53.07
1783525621.1458707,96.001,robot_state_publisher,6130,0.0,0.0,23.082,11,44.8,3470.184,53.07
1783525621.1458707,96.001,RPLIDAR driver,6132,67.1,16.775,21.543,13,44.8,3470.184,53.07
1783525621.1458707,96.001,Madgwick,6136,0.0,0.0,23.84,11,44.8,3470.184,53.07
1783525621.1458707,96.001,RF2O,6182,0.0,0.0,23.246,1,44.8,3470.184,53.07
1783525621.1458707,96.001,RF2O,6183,2.0,0.5,25.117,12,44.8,3470.184,53.07
1783525621.1458707,96.001,SLAM Toolbox,6342,0.0,0.0,23.246,1,44.8,3470.184,53.07
1783525621.1458707,96.001,SLAM Toolbox,6343,2.0,0.5,32.211,14,44.8,3470.184,53.07
1783525622.1458516,97.001,EKF,5295,1.0,0.25,25.535,12,43.1,3471.191,52.58
1783525622.1458516,97.001,robot_state_publisher,6130,0.0,0.0,23.082,11,43.1,3471.191,52.58
1783525622.1458516,97.001,RPLIDAR driver,6132,68.2,17.05,21.543,13,43.1,3471.191,52.58
1783525622.1458516,97.001,Madgwick,6136,1.0,0.25,23.84,11,43.1,3471.191,52.58
1783525622.1458516,97.001,RF2O,6182,0.0,0.0,23.246,1,43.1,3471.191,52.58
1783525622.1458516,97.001,RF2O,6183,1.0,0.25,25.117,12,43.1,3471.191,52.58
1783525622.1458516,97.001,SLAM Toolbox,6342,0.0,0.0,23.246,1,43.1,3471.191,52.58
1783525622.1458516,97.001,SLAM Toolbox,6343,2.0,0.5,32.211,14,43.1,3471.191,52.58
1783525623.1458669,98.001,EKF,5295,1.1,0.275,25.535,12,43.9,3471.211,52.58
1783525623.1458669,98.001,robot_state_publisher,6130,0.0,0.0,23.082,11,43.9,3471.211,52.58
1783525623.1458669,98.001,RPLIDAR driver,6132,69.5,17.375,21.543,13,43.9,3471.211,52.58
1783525623.1458669,98.001,Madgwick,6136,0.0,0.0,23.84,11,43.9,3471.211,52.58
1783525623.1458669,98.001,RF2O,6182,0.0,0.0,23.246,1,43.9,3471.211,52.58
1783525623.1458669,98.001,RF2O,6183,1.1,0.275,25.117,12,43.9,3471.211,52.58
1783525623.1458669,98.001,SLAM Toolbox,6342,0.0,0.0,23.246,1,43.9,3471.211,52.58
1783525623.1458669,98.001,SLAM Toolbox,6343,1.1,0.275,32.211,14,43.9,3471.211,52.58
1783525624.1459262,99.001,EKF,5295,1.0,0.25,25.535,12,42.7,3471.211,51.61
1783525624.1459262,99.001,robot_state_publisher,6130,0.0,0.0,23.082,11,42.7,3471.211,51.61
1783525624.1459262,99.001,RPLIDAR driver,6132,70.1,17.525,21.543,13,42.7,3471.211,51.61
1783525624.1459262,99.001,Madgwick,6136,0.0,0.0,23.84,11,42.7,3471.211,51.61
1783525624.1459262,99.001,RF2O,6182,0.0,0.0,23.246,1,42.7,3471.211,51.61
1783525624.1459262,99.001,RF2O,6183,2.0,0.5,25.117,12,42.7,3471.211,51.61
1783525624.1459262,99.001,SLAM Toolbox,6342,0.0,0.0,23.246,1,42.7,3471.211,51.61
1783525624.1459262,99.001,SLAM Toolbox,6343,3.0,0.75,32.211,14,42.7,3471.211,51.61
1783525625.1459289,100.001,EKF,5295,1.0,0.25,25.535,12,44.5,3471.191,52.58
1783525625.1459289,100.001,robot_state_publisher,6130,0.0,0.0,23.082,11,44.5,3471.191,52.58
1783525625.1459289,100.001,RPLIDAR driver,6132,70.3,17.575,21.543,13,44.5,3471.191,52.58
1783525625.1459289,100.001,Madgwick,6136,1.0,0.25,23.84,11,44.5,3471.191,52.58
1783525625.1459289,100.001,RF2O,6182,0.0,0.0,23.246,1,44.5,3471.191,52.58
1783525625.1459289,100.001,RF2O,6183,1.0,0.25,25.117,12,44.5,3471.191,52.58
1783525625.1459289,100.001,SLAM Toolbox,6342,0.0,0.0,23.246,1,44.5,3471.191,52.58
1783525625.1459289,100.001,SLAM Toolbox,6343,2.0,0.5,32.211,14,44.5,3471.191,52.58
1783525626.1459103,101.001,EKF,5295,1.0,0.25,25.535,12,41.6,3471.191,53.07
1783525626.1459103,101.001,robot_state_publisher,6130,2.0,0.5,23.082,11,41.6,3471.191,53.07
1783525626.1459103,101.001,RPLIDAR driver,6132,68.2,17.05,21.543,13,41.6,3471.191,53.07
1783525626.1459103,101.001,Madgwick,6136,0.0,0.0,23.84,11,41.6,3471.191,53.07
1783525626.1459103,101.001,RF2O,6182,0.0,0.0,23.246,1,41.6,3471.191,53.07
1783525626.1459103,101.001,RF2O,6183,2.0,0.5,25.117,12,41.6,3471.191,53.07
1783525626.1459103,101.001,SLAM Toolbox,6342,0.0,0.0,23.246,1,41.6,3471.191,53.07
1783525626.1459103,101.001,SLAM Toolbox,6343,1.0,0.25,32.211,14,41.6,3471.191,53.07
1783525627.1459355,102.001,EKF,5295,2.0,0.5,25.535,12,45.1,3471.395,51.61
1783525627.1459355,102.001,robot_state_publisher,6130,0.0,0.0,23.082,11,45.1,3471.395,51.61
1783525627.1459355,102.001,RPLIDAR driver,6132,69.4,17.35,21.543,13,45.1,3471.395,51.61
1783525627.1459355,102.001,Madgwick,6136,0.0,0.0,23.84,11,45.1,3471.395,51.61
1783525627.1459355,102.001,RF2O,6182,0.0,0.0,23.246,1,45.1,3471.395,51.61
1783525627.1459355,102.001,RF2O,6183,1.0,0.25,25.117,12,45.1,3471.395,51.61
1783525627.1459355,102.001,SLAM Toolbox,6342,0.0,0.0,23.246,1,45.1,3471.395,51.61
1783525627.1459355,102.001,SLAM Toolbox,6343,3.0,0.75,32.211,14,45.1,3471.395,51.61
1783525628.1459215,103.001,EKF,5295,1.0,0.25,25.535,12,43.0,3471.379,52.09
1783525628.1459215,103.001,robot_state_publisher,6130,0.0,0.0,23.082,11,43.0,3471.379,52.09
1783525628.1459215,103.001,RPLIDAR driver,6132,69.7,17.425,21.543,13,43.0,3471.379,52.09
1783525628.1459215,103.001,Madgwick,6136,0.0,0.0,23.84,11,43.0,3471.379,52.09
1783525628.1459215,103.001,RF2O,6182,0.0,0.0,23.246,1,43.0,3471.379,52.09
1783525628.1459215,103.001,RF2O,6183,2.0,0.5,25.117,12,43.0,3471.379,52.09
1783525628.1459215,103.001,SLAM Toolbox,6342,0.0,0.0,23.246,1,43.0,3471.379,52.09
1783525628.1459215,103.001,SLAM Toolbox,6343,1.0,0.25,32.211,14,43.0,3471.379,52.09
1783525629.1455772,104.001,EKF,5295,1.0,0.25,25.535,12,43.3,3471.598,52.58
1783525629.1455772,104.001,robot_state_publisher,6130,0.0,0.0,23.082,11,43.3,3471.598,52.58
1783525629.1455772,104.001,RPLIDAR driver,6132,71.1,17.775,21.543,13,43.3,3471.598,52.58
1783525629.1455772,104.001,Madgwick,6136,0.0,0.0,23.84,11,43.3,3471.598,52.58
1783525629.1455772,104.001,RF2O,6182,0.0,0.0,23.246,1,43.3,3471.598,52.58
1783525629.1455772,104.001,RF2O,6183,0.0,0.0,25.117,12,43.3,3471.598,52.58
1783525629.1455772,104.001,SLAM Toolbox,6342,0.0,0.0,23.246,1,43.3,3471.598,52.58
1783525629.1455772,104.001,SLAM Toolbox,6343,2.0,0.5,32.211,14,43.3,3471.598,52.58
1783525630.1459093,105.001,EKF,5295,1.0,0.25,25.535,12,43.4,3471.836,53.07
1783525630.1459093,105.001,robot_state_publisher,6130,0.0,0.0,23.082,11,43.4,3471.836,53.07
1783525630.1459093,105.001,RPLIDAR driver,6132,70.1,17.525,21.543,13,43.4,3471.836,53.07
1783525630.1459093,105.001,Madgwick,6136,0.0,0.0,23.84,11,43.4,3471.836,53.07
1783525630.1459093,105.001,RF2O,6182,0.0,0.0,23.246,1,43.4,3471.836,53.07
1783525630.1459093,105.001,RF2O,6183,1.0,0.25,25.117,12,43.4,3471.836,53.07
1783525630.1459093,105.001,SLAM Toolbox,6342,0.0,0.0,23.246,1,43.4,3471.836,53.07
1783525630.1459093,105.001,SLAM Toolbox,6343,1.0,0.25,32.211,14,43.4,3471.836,53.07
1783525631.1459155,106.001,EKF,5295,1.0,0.25,25.535,12,43.8,3471.836,52.58
1783525631.1459155,106.001,robot_state_publisher,6130,0.0,0.0,23.082,11,43.8,3471.836,52.58
1783525631.1459155,106.001,RPLIDAR driver,6132,70.2,17.55,21.543,13,43.8,3471.836,52.58
1783525631.1459155,106.001,Madgwick,6136,0.0,0.0,23.84,11,43.8,3471.836,52.58
1783525631.1459155,106.001,RF2O,6182,0.0,0.0,23.246,1,43.8,3471.836,52.58
1783525631.1459155,106.001,RF2O,6183,2.0,0.5,25.117,12,43.8,3471.836,52.58
1783525631.1459155,106.001,SLAM Toolbox,6342,0.0,0.0,23.246,1,43.8,3471.836,52.58
1783525631.1459155,106.001,SLAM Toolbox,6343,2.0,0.5,32.211,14,43.8,3471.836,52.58
1783525632.1459317,107.001,EKF,5295,1.0,0.25,25.535,12,41.8,3471.836,52.09
1783525632.1459317,107.001,robot_state_publisher,6130,0.0,0.0,23.082,11,41.8,3471.836,52.09
1783525632.1459317,107.001,RPLIDAR driver,6132,68.5,17.125,21.543,13,41.8,3471.836,52.09
1783525632.1459317,107.001,Madgwick,6136,0.0,0.0,23.84,11,41.8,3471.836,52.09
1783525632.1459317,107.001,RF2O,6182,0.0,0.0,23.246,1,41.8,3471.836,52.09
1783525632.1459317,107.001,RF2O,6183,1.0,0.25,25.117,12,41.8,3471.836,52.09
1783525632.1459317,107.001,SLAM Toolbox,6342,0.0,0.0,23.246,1,41.8,3471.836,52.09
1783525632.1459317,107.001,SLAM Toolbox,6343,1.9,0.475,32.211,14,41.8,3471.836,52.09
1783525633.1458845,108.001,EKF,5295,2.1,0.525,25.535,12,59.7,3473.785,51.61
1783525633.1458845,108.001,robot_state_publisher,6130,0.0,0.0,23.082,11,59.7,3473.785,51.61
1783525633.1458845,108.001,RPLIDAR driver,6132,62.0,15.5,21.543,13,59.7,3473.785,51.61
1783525633.1458845,108.001,Madgwick,6136,0.0,0.0,23.84,11,59.7,3473.785,51.61
1783525633.1458845,108.001,RF2O,6182,0.0,0.0,23.246,1,59.7,3473.785,51.61
1783525633.1458845,108.001,RF2O,6183,1.0,0.25,25.117,12,59.7,3473.785,51.61
1783525633.1458845,108.001,SLAM Toolbox,6342,0.0,0.0,23.246,1,59.7,3473.785,51.61
1783525633.1458845,108.001,SLAM Toolbox,6343,1.0,0.25,32.211,14,59.7,3473.785,51.61
1783525634.1459177,109.001,EKF,5295,1.0,0.25,25.535,12,41.9,3474.027,52.09
1783525634.1459177,109.001,robot_state_publisher,6130,0.0,0.0,23.082,11,41.9,3474.027,52.09
1783525634.1459177,109.001,RPLIDAR driver,6132,67.6,16.9,21.543,13,41.9,3474.027,52.09
1783525634.1459177,109.001,Madgwick,6136,1.0,0.25,23.84,11,41.9,3474.027,52.09
1783525634.1459177,109.001,RF2O,6182,0.0,0.0,23.246,1,41.9,3474.027,52.09
1783525634.1459177,109.001,RF2O,6183,2.0,0.5,25.117,12,41.9,3474.027,52.09
1783525634.1459177,109.001,SLAM Toolbox,6342,0.0,0.0,23.246,1,41.9,3474.027,52.09
1783525634.1459177,109.001,SLAM Toolbox,6343,2.0,0.5,32.211,14,41.9,3474.027,52.09
1783525635.1459253,110.001,EKF,5295,1.0,0.25,25.535,12,44.0,3474.023,52.09
1783525635.1459253,110.001,robot_state_publisher,6130,0.0,0.0,23.082,11,44.0,3474.023,52.09
1783525635.1459253,110.001,RPLIDAR driver,6132,69.8,17.45,21.543,13,44.0,3474.023,52.09
1783525635.1459253,110.001,Madgwick,6136,0.0,0.0,23.84,11,44.0,3474.023,52.09
1783525635.1459253,110.001,RF2O,6182,0.0,0.0,23.246,1,44.0,3474.023,52.09
1783525635.1459253,110.001,RF2O,6183,1.0,0.25,25.117,12,44.0,3474.023,52.09
1783525635.1459253,110.001,SLAM Toolbox,6342,0.0,0.0,23.246,1,44.0,3474.023,52.09
1783525635.1459253,110.001,SLAM Toolbox,6343,2.0,0.5,32.211,14,44.0,3474.023,52.09
1783525636.1459103,111.001,EKF,5295,1.0,0.25,25.535,12,44.0,3474.023,52.58
1783525636.1459103,111.001,robot_state_publisher,6130,0.0,0.0,23.082,11,44.0,3474.023,52.58
1783525636.1459103,111.001,RPLIDAR driver,6132,70.7,17.675,21.543,13,44.0,3474.023,52.58
1783525636.1459103,111.001,Madgwick,6136,0.0,0.0,23.84,11,44.0,3474.023,52.58
1783525636.1459103,111.001,RF2O,6182,0.0,0.0,23.246,1,44.0,3474.023,52.58
1783525636.1459103,111.001,RF2O,6183,2.0,0.5,25.117,12,44.0,3474.023,52.58
1783525636.1459103,111.001,SLAM Toolbox,6342,0.0,0.0,23.246,1,44.0,3474.023,52.58
1783525636.1459103,111.001,SLAM Toolbox,6343,2.0,0.5,32.211,14,44.0,3474.023,52.58
1783525637.1459265,112.001,EKF,5295,1.0,0.25,25.535,12,42.2,3474.488,52.09
1783525637.1459265,112.001,robot_state_publisher,6130,0.0,0.0,23.082,11,42.2,3474.488,52.09
1783525637.1459265,112.001,RPLIDAR driver,6132,69.9,17.475,21.543,13,42.2,3474.488,52.09
1783525637.1459265,112.001,Madgwick,6136,0.0,0.0,23.84,11,42.2,3474.488,52.09
1783525637.1459265,112.001,RF2O,6182,0.0,0.0,23.246,1,42.2,3474.488,52.09
1783525637.1459265,112.001,RF2O,6183,1.0,0.25,25.117,12,42.2,3474.488,52.09
1783525637.1459265,112.001,SLAM Toolbox,6342,0.0,0.0,23.246,1,42.2,3474.488,52.09
1783525637.1459265,112.001,SLAM Toolbox,6343,2.0,0.5,32.211,14,42.2,3474.488,52.09
1783525638.1459239,113.001,EKF,5295,1.0,0.25,25.535,12,42.8,3474.488,53.07
1783525638.1459239,113.001,robot_state_publisher,6130,1.0,0.25,23.082,11,42.8,3474.488,53.07
1783525638.1459239,113.001,RPLIDAR driver,6132,69.9,17.475,21.543,13,42.8,3474.488,53.07
1783525638.1459239,113.001,Madgwick,6136,0.0,0.0,23.84,11,42.8,3474.488,53.07
1783525638.1459239,113.001,RF2O,6182,0.0,0.0,23.246,1,42.8,3474.488,53.07
1783525638.1459239,113.001,RF2O,6183,1.0,0.25,25.117,12,42.8,3474.488,53.07
1783525638.1459239,113.001,SLAM Toolbox,6342,0.0,0.0,23.246,1,42.8,3474.488,53.07
1783525638.1459239,113.001,SLAM Toolbox,6343,1.0,0.25,32.211,14,42.8,3474.488,53.07
1783525639.1459062,114.001,EKF,5295,1.0,0.25,25.535,12,43.4,3474.969,52.58
1783525639.1459062,114.001,robot_state_publisher,6130,0.0,0.0,23.082,11,43.4,3474.969,52.58
1783525639.1459062,114.001,RPLIDAR driver,6132,69.7,17.425,21.543,13,43.4,3474.969,52.58
1783525639.1459062,114.001,Madgwick,6136,0.0,0.0,23.84,11,43.4,3474.969,52.58
1783525639.1459062,114.001,RF2O,6182,0.0,0.0,23.246,1,43.4,3474.969,52.58
1783525639.1459062,114.001,RF2O,6183,1.0,0.25,25.117,12,43.4,3474.969,52.58
1783525639.1459062,114.001,SLAM Toolbox,6342,0.0,0.0,23.246,1,43.4,3474.969,52.58
1783525639.1459062,114.001,SLAM Toolbox,6343,2.0,0.5,32.211,14,43.4,3474.969,52.58
1783525640.1459348,115.001,EKF,5295,1.0,0.25,25.535,12,44.1,3474.965,53.07
1783525640.1459348,115.001,robot_state_publisher,6130,0.0,0.0,23.082,11,44.1,3474.965,53.07
1783525640.1459348,115.001,RPLIDAR driver,6132,70.4,17.6,21.543,13,44.1,3474.965,53.07
1783525640.1459348,115.001,Madgwick,6136,0.0,0.0,23.84,11,44.1,3474.965,53.07
1783525640.1459348,115.001,RF2O,6182,0.0,0.0,23.246,1,44.1,3474.965,53.07
1783525640.1459348,115.001,RF2O,6183,1.0,0.25,25.117,12,44.1,3474.965,53.07
1783525640.1459348,115.001,SLAM Toolbox,6342,0.0,0.0,23.246,1,44.1,3474.965,53.07
1783525640.1459348,115.001,SLAM Toolbox,6343,2.0,0.5,32.211,14,44.1,3474.965,53.07
1783525641.1459231,116.001,EKF,5295,2.0,0.5,25.535,12,43.0,3475.184,54.04
1783525641.1459231,116.001,robot_state_publisher,6130,0.0,0.0,23.082,11,43.0,3475.184,54.04
1783525641.1459231,116.001,RPLIDAR driver,6132,70.0,17.5,21.543,13,43.0,3475.184,54.04
1783525641.1459231,116.001,Madgwick,6136,0.0,0.0,23.84,11,43.0,3475.184,54.04
1783525641.1459231,116.001,RF2O,6182,0.0,0.0,23.246,1,43.0,3475.184,54.04
1783525641.1459231,116.001,RF2O,6183,1.0,0.25,25.117,12,43.0,3475.184,54.04
1783525641.1459231,116.001,SLAM Toolbox,6342,0.0,0.0,23.246,1,43.0,3475.184,54.04
1783525641.1459231,116.001,SLAM Toolbox,6343,2.0,0.5,32.211,14,43.0,3475.184,54.04
1783525642.1459174,117.001,EKF,5295,1.0,0.25,25.535,12,42.0,3475.402,52.09
1783525642.1459174,117.001,robot_state_publisher,6130,0.0,0.0,23.082,11,42.0,3475.402,52.09
1783525642.1459174,117.001,RPLIDAR driver,6132,68.6,17.15,21.543,13,42.0,3475.402,52.09
1783525642.1459174,117.001,Madgwick,6136,1.0,0.25,23.84,11,42.0,3475.402,52.09
1783525642.1459174,117.001,RF2O,6182,0.0,0.0,23.246,1,42.0,3475.402,52.09
1783525642.1459174,117.001,RF2O,6183,1.0,0.25,25.117,12,42.0,3475.402,52.09
1783525642.1459174,117.001,SLAM Toolbox,6342,0.0,0.0,23.246,1,42.0,3475.402,52.09
1783525642.1459174,117.001,SLAM Toolbox,6343,1.0,0.25,32.211,14,42.0,3475.402,52.09
1783525643.145918,118.001,EKF,5295,1.0,0.25,25.535,12,43.4,3475.617,54.04
1783525643.145918,118.001,robot_state_publisher,6130,0.0,0.0,23.082,11,43.4,3475.617,54.04
1783525643.145918,118.001,RPLIDAR driver,6132,70.3,17.575,21.543,13,43.4,3475.617,54.04
1783525643.145918,118.001,Madgwick,6136,0.0,0.0,23.84,11,43.4,3475.617,54.04
1783525643.145918,118.001,RF2O,6182,0.0,0.0,23.246,1,43.4,3475.617,54.04
1783525643.145918,118.001,RF2O,6183,1.0,0.25,25.117,12,43.4,3475.617,54.04
1783525643.145918,118.001,SLAM Toolbox,6342,0.0,0.0,23.246,1,43.4,3475.617,54.04
1783525643.145918,118.001,SLAM Toolbox,6343,2.0,0.5,32.211,14,43.4,3475.617,54.04
1783525644.145913,119.001,EKF,5295,1.0,0.25,25.535,12,44.6,3475.617,52.58
1783525644.145913,119.001,robot_state_publisher,6130,0.0,0.0,23.082,11,44.6,3475.617,52.58
1783525644.145913,119.001,RPLIDAR driver,6132,70.3,17.575,21.543,13,44.6,3475.617,52.58
1783525644.145913,119.001,Madgwick,6136,0.0,0.0,23.84,11,44.6,3475.617,52.58
1783525644.145913,119.001,RF2O,6182,0.0,0.0,23.246,1,44.6,3475.617,52.58
1783525644.145913,119.001,RF2O,6183,0.0,0.0,25.117,12,44.6,3475.617,52.58
1783525644.145913,119.001,SLAM Toolbox,6342,0.0,0.0,23.246,1,44.6,3475.617,52.58
1783525644.145913,119.001,SLAM Toolbox,6343,2.0,0.5,32.211,14,44.6,3475.617,52.58
